-- MySQL dump 10.13  Distrib 8.0.19, for Win64 (x86_64)
--
-- Host: localhost    Database: erp
-- ------------------------------------------------------
-- Server version	5.5.5-10.4.32-MariaDB

/*!40101 SET @OLD_CHARACTER_SET_CLIENT=@@CHARACTER_SET_CLIENT */;
/*!40101 SET @OLD_CHARACTER_SET_RESULTS=@@CHARACTER_SET_RESULTS */;
/*!40101 SET @OLD_COLLATION_CONNECTION=@@COLLATION_CONNECTION */;
/*!50503 SET NAMES utf8mb4 */;
/*!40103 SET @OLD_TIME_ZONE=@@TIME_ZONE */;
/*!40103 SET TIME_ZONE='+00:00' */;
/*!40014 SET @OLD_UNIQUE_CHECKS=@@UNIQUE_CHECKS, UNIQUE_CHECKS=0 */;
/*!40014 SET @OLD_FOREIGN_KEY_CHECKS=@@FOREIGN_KEY_CHECKS, FOREIGN_KEY_CHECKS=0 */;
/*!40101 SET @OLD_SQL_MODE=@@SQL_MODE, SQL_MODE='NO_AUTO_VALUE_ON_ZERO' */;
/*!40111 SET @OLD_SQL_NOTES=@@SQL_NOTES, SQL_NOTES=0 */;

--
-- Table structure for table `activity_logs`
--

DROP TABLE IF EXISTS `activity_logs`;
/*!40101 SET @saved_cs_client     = @@character_set_client */;
/*!50503 SET character_set_client = utf8mb4 */;
CREATE TABLE `activity_logs` (
  `id` int(10) unsigned NOT NULL AUTO_INCREMENT,
  `user_id` int(10) unsigned DEFAULT NULL,
  `user_name` varchar(100) DEFAULT NULL,
  `module` varchar(50) NOT NULL COMMENT 'employees, products, customers, orders, inventory, auth, settings',
  `action` varchar(50) NOT NULL COMMENT 'create, update, delete, login, logout, import, export',
  `target_id` int(10) unsigned DEFAULT NULL COMMENT 'ID của bản ghi bị tác động',
  `target_name` varchar(200) DEFAULT NULL COMMENT 'Tên/mô tả bản ghi',
  `details` text DEFAULT NULL COMMENT 'Chi tiết thay đổi (JSON)',
  `ip_address` varchar(50) DEFAULT NULL,
  `user_agent` varchar(500) DEFAULT NULL,
  `status` enum('success','error') NOT NULL DEFAULT 'success',
  `error_message` text DEFAULT NULL,
  `created_at` datetime NOT NULL DEFAULT current_timestamp(),
  PRIMARY KEY (`id`),
  KEY `idx_logs_user` (`user_id`),
  KEY `idx_logs_module` (`module`),
  KEY `idx_logs_action` (`action`),
  KEY `idx_logs_status` (`status`),
  KEY `idx_logs_created_at` (`created_at`)
) ENGINE=InnoDB AUTO_INCREMENT=205 DEFAULT CHARSET=utf8mb4 COLLATE=utf8mb4_unicode_ci;
/*!40101 SET character_set_client = @saved_cs_client */;

--
-- Dumping data for table `activity_logs`
--

LOCK TABLES `activity_logs` WRITE;
/*!40000 ALTER TABLE `activity_logs` DISABLE KEYS */;
INSERT INTO `activity_logs` VALUES (1,3,'Admin Velocity','employees','create',NULL,NULL,'{\"email\":\"logtest@test.com\",\"full_name\":\"Log Test User\",\"password\":\"test123\",\"role\":\"sales\"}','::1','Mozilla/5.0 (Windows NT; Windows NT 10.0; en-US) WindowsPowerShell/5.1.18362.145','success',NULL,'2026-04-05 01:11:52'),(2,1,'Nguyễn Thị Lan','orders','create',NULL,NULL,'{\"customer_id\":6,\"warehouse_id\":2,\"items\":[{\"product_id\":2,\"qty\":1.5,\"unit_price\":90000,\"discount_rate\":0,\"commission_rate\":10,\"discount_amount\":0,\"commission_amount\":13500,\"subtotal\":135000}],\"shipping_address\":\"222 nguyễn văn , Xã Châu Minh, Huyện Hiệp Hòa, Tỉnh Bắc Giang, Tỉnh Bắc Giang\",\"carrier_service\":\"\",\"shipping_fee\":0,\"payment_method\":\"cash\",\"discount\":0,\"note\":\"\"}','::1','Mozilla/5.0 (Windows NT 10.0; Win64; x64) AppleWebKit/537.36 (KHTML, like Gecko) Chrome/146.0.0.0 Safari/537.36','success',NULL,'2026-04-05 01:31:08'),(3,3,'Admin Velocity','orders','update',4,NULL,'{\"customer_id\":6,\"warehouse_id\":2,\"items\":[{\"product_id\":2,\"qty\":1.5,\"unit_price\":90000,\"discount_rate\":2,\"commission_rate\":10,\"discount_amount\":2700,\"commission_amount\":13230,\"subtotal\":132300},{\"product_id\":3,\"qty\":1.2,\"unit_price\":1600000,\"discount_rate\":2,\"commission_rate\":10,\"discount_amount\":38400,\"commission_amount\":188160,\"subtotal\":1881600},{\"product_id\":5,\"qty\":1.2,\"unit_price\":3500000,\"discount_rate\":1,\"commission_rate\":10,\"discount_amount\":42000,\"commission_amount\":415800,\"subtotal\":4158000}],\"shipping_address\":\"222 nguyễn văn , Xã Châu Minh, Huyện Hiệp Hòa, Tỉnh Bắc Giang, Tỉnh Bắc Giang, Xã Châu Minh, Huyện Hiệp Hòa, Tỉnh Bắc Giang\",\"carrier_service\":\"\",\"shipping_fee\":0,\"payment_method\":\"cash\",\"discount\":0,\"note\":\"\"}','::1','Mozilla/5.0 (Windows NT 10.0; Win64; x64) AppleWebKit/537.36 (KHTML, like Gecko) Chrome/145.0.0.0 Safari/537.36','success',NULL,'2026-04-05 01:34:31'),(4,3,'Admin Velocity','orders','update',4,NULL,'{\"customer_id\":6,\"warehouse_id\":\"3\",\"items\":[{\"product_id\":2,\"qty\":1.5,\"unit_price\":90000,\"discount_rate\":2,\"commission_rate\":10,\"discount_amount\":2700,\"commission_amount\":13230,\"subtotal\":132300},{\"product_id\":3,\"qty\":1.2,\"unit_price\":1600000,\"discount_rate\":2,\"commission_rate\":10,\"discount_amount\":38400,\"commission_amount\":188160,\"subtotal\":1881600},{\"product_id\":5,\"qty\":1.2,\"unit_price\":3500000,\"discount_rate\":1,\"commission_rate\":10,\"discount_amount\":42000,\"commission_amount\":415800,\"subtotal\":4158000}],\"shipping_address\":\"222 nguyễn văn , Xã Châu Minh, Huyện Hiệp Hòa, Tỉnh Bắc Giang, Tỉnh Bắc Giang, Xã Châu Minh, Huyện Hiệp Hòa, Tỉnh Bắc Giang, Xã Châu Minh, Huyện Hiệp Hòa, Tỉnh Bắc Giang\",\"carrier_service\":\"\",\"shipping_fee\":0,\"payment_method\":\"transfer\",\"discount\":0,\"note\":\"\"}','::1','Mozilla/5.0 (Windows NT 10.0; Win64; x64) AppleWebKit/537.36 (KHTML, like Gecko) Chrome/145.0.0.0 Safari/537.36','success',NULL,'2026-04-05 01:35:36'),(5,1,'Nguyễn Thị Lan','orders','create',NULL,NULL,'{\"customer_id\":6,\"warehouse_id\":2,\"items\":[{\"product_id\":2,\"qty\":1.4,\"unit_price\":90000,\"discount_rate\":0,\"commission_rate\":10,\"discount_amount\":0,\"commission_amount\":12600,\"subtotal\":125999.99999999999}],\"shipping_address\":\"222 nguyễn văn , Xã Châu Minh, Huyện Hiệp Hòa, Tỉnh Bắc Giang, Tỉnh Bắc Giang\",\"carrier_service\":\"\",\"shipping_fee\":0,\"payment_method\":\"cash\",\"discount\":0,\"note\":\"\"}','::1','Mozilla/5.0 (Windows NT 10.0; Win64; x64) AppleWebKit/537.36 (KHTML, like Gecko) Chrome/146.0.0.0 Safari/537.36','success',NULL,'2026-04-05 01:42:28'),(6,1,'Nguyễn Thị Lan','orders','delete',5,NULL,'{}','::1','Mozilla/5.0 (Windows NT 10.0; Win64; x64) AppleWebKit/537.36 (KHTML, like Gecko) Chrome/146.0.0.0 Safari/537.36','success',NULL,'2026-04-05 01:42:49'),(7,1,'Nguyễn Thị Lan','orders','create',NULL,NULL,'{\"customer_id\":6,\"warehouse_id\":2,\"items\":[{\"product_id\":2,\"qty\":5,\"unit_price\":90000,\"discount_rate\":0,\"commission_rate\":10,\"discount_amount\":0,\"commission_amount\":45000,\"subtotal\":450000}],\"shipping_address\":\"222 nguyễn văn , Xã Châu Minh, Huyện Hiệp Hòa, Tỉnh Bắc Giang, Tỉnh Bắc Giang\",\"carrier_service\":\"\",\"shipping_fee\":0,\"payment_method\":\"cash\",\"discount\":0,\"note\":\"\"}','::1','Mozilla/5.0 (Windows NT 10.0; Win64; x64) AppleWebKit/537.36 (KHTML, like Gecko) Chrome/146.0.0.0 Safari/537.36','success',NULL,'2026-04-05 01:43:26'),(8,1,'Nguyễn Thị Lan','orders','delete',6,NULL,'{}','::1','Mozilla/5.0 (Windows NT 10.0; Win64; x64) AppleWebKit/537.36 (KHTML, like Gecko) Chrome/146.0.0.0 Safari/537.36','success',NULL,'2026-04-05 01:43:37'),(9,1,'Nguyễn Thị Lan','orders','create',NULL,NULL,'{\"customer_id\":6,\"warehouse_id\":2,\"items\":[{\"product_id\":2,\"qty\":7,\"unit_price\":90000,\"discount_rate\":0,\"commission_rate\":10,\"discount_amount\":0,\"commission_amount\":63000,\"subtotal\":630000}],\"shipping_address\":\"222 nguyễn văn , Xã Châu Minh, Huyện Hiệp Hòa, Tỉnh Bắc Giang, Tỉnh Bắc Giang\",\"carrier_service\":\"\",\"shipping_fee\":0,\"payment_method\":\"cash\",\"discount\":0,\"note\":\"\"}','::1','Mozilla/5.0 (Windows NT 10.0; Win64; x64) AppleWebKit/537.36 (KHTML, like Gecko) Chrome/146.0.0.0 Safari/537.36','success',NULL,'2026-04-05 01:44:07'),(10,1,'Nguyễn Thị Lan','orders','update',7,NULL,'{\"customer_id\":6,\"warehouse_id\":2,\"items\":[{\"product_id\":2,\"qty\":1,\"unit_price\":90000,\"discount_rate\":0,\"commission_rate\":10,\"discount_amount\":0,\"commission_amount\":9000,\"subtotal\":90000}],\"shipping_address\":\"222 nguyễn văn , Xã Châu Minh, Huyện Hiệp Hòa, Tỉnh Bắc Giang, Tỉnh Bắc Giang, Xã Châu Minh, Huyện Hiệp Hòa, Tỉnh Bắc Giang\",\"carrier_service\":\"\",\"shipping_fee\":0,\"payment_method\":\"cash\",\"discount\":0,\"note\":\"\"}','::1','Mozilla/5.0 (Windows NT 10.0; Win64; x64) AppleWebKit/537.36 (KHTML, like Gecko) Chrome/146.0.0.0 Safari/537.36','success',NULL,'2026-04-05 01:44:20'),(11,3,'Admin Velocity','employees','update',1,NULL,'{\"full_name\":\"Nguyễn Thị Lan\",\"email\":\"lan.sales@velocity.vn\",\"password\":\"sales123\",\"phone\":\"0912345678\",\"role\":\"sales\",\"department\":\"\",\"position\":\"\",\"commission_rate\":\"5.00\",\"salary\":\"0.00\",\"join_date\":\"\",\"address\":\"\",\"city\":\"\",\"is_active\":1}','::1','Mozilla/5.0 (Windows NT 10.0; Win64; x64) AppleWebKit/537.36 (KHTML, like Gecko) Chrome/145.0.0.0 Safari/537.36','success',NULL,'2026-04-05 10:44:06'),(12,3,'Admin Velocity','employees','update',2,NULL,'{\"full_name\":\"Trần Văn Minh\",\"email\":\"minh.sales@velocity.vn\",\"phone\":\"0987654321\",\"role\":\"sales\",\"department\":\"\",\"position\":\"\",\"commission_rate\":\"5.00\",\"salary\":\"0.00\",\"join_date\":\"\",\"address\":\"\",\"city\":\"\",\"is_active\":1}','::1','Mozilla/5.0 (Windows NT 10.0; Win64; x64) AppleWebKit/537.36 (KHTML, like Gecko) Chrome/145.0.0.0 Safari/537.36','success',NULL,'2026-04-05 10:44:17'),(13,3,'Admin Velocity','employees','update',1,NULL,'{\"full_name\":\"Nguyễn Thị Lan\",\"email\":\"lan.sales@velocity.vn\",\"password\":\"sales123\",\"phone\":\"0912345678\",\"role\":\"sales\",\"department\":\"\",\"position\":\"\",\"commission_rate\":\"5.00\",\"salary\":\"0.00\",\"join_date\":\"1899-11-29\",\"address\":\"\",\"city\":\"\",\"is_active\":1}','::1','Mozilla/5.0 (Windows NT 10.0; Win64; x64) AppleWebKit/537.36 (KHTML, like Gecko) Chrome/145.0.0.0 Safari/537.36','success',NULL,'2026-04-05 11:03:26'),(14,1,'Nguyễn Thị Lan','orders','update',7,NULL,'{\"customer_id\":6,\"warehouse_id\":2,\"group_id\":\"6\",\"items\":[{\"product_id\":2,\"qty\":1,\"unit_price\":90000,\"discount_rate\":0,\"commission_rate\":10,\"discount_amount\":0,\"commission_amount\":9000,\"subtotal\":90000}],\"shipping_address\":\"222 nguyễn văn , Xã Châu Minh, Huyện Hiệp Hòa, Tỉnh Bắc Giang, Tỉnh Bắc Giang, Xã Châu Minh, Huyện Hiệp Hòa, Tỉnh Bắc Giang, Xã Châu Minh, Huyện Hiệp Hòa, Tỉnh Bắc Giang\",\"carrier_service\":\"\",\"shipping_fee\":0,\"payment_method\":\"cash\",\"discount\":0,\"note\":\"\"}','::1','Mozilla/5.0 (Windows NT 10.0; Win64; x64) AppleWebKit/537.36 (KHTML, like Gecko) Chrome/146.0.0.0 Safari/537.36','success',NULL,'2026-04-05 12:22:52'),(15,1,'Nguyễn Thị Lan','orders','update',4,NULL,'{\"customer_id\":6,\"warehouse_id\":3,\"group_id\":\"4\",\"items\":[{\"product_id\":2,\"qty\":1.5,\"unit_price\":90000,\"discount_rate\":2,\"commission_rate\":10,\"discount_amount\":2700,\"commission_amount\":13230,\"subtotal\":132300},{\"product_id\":3,\"qty\":1.2,\"unit_price\":1600000,\"discount_rate\":2,\"commission_rate\":10,\"discount_amount\":38400,\"commission_amount\":188160,\"subtotal\":1881600},{\"product_id\":5,\"qty\":1.2,\"unit_price\":3500000,\"discount_rate\":1,\"commission_rate\":10,\"discount_amount\":42000,\"commission_amount\":415800,\"subtotal\":4158000}],\"shipping_address\":\"222 nguyễn văn , Xã Châu Minh, Huyện Hiệp Hòa, Tỉnh Bắc Giang, Tỉnh Bắc Giang, Xã Châu Minh, Huyện Hiệp Hòa, Tỉnh Bắc Giang, Xã Châu Minh, Huyện Hiệp Hòa, Tỉnh Bắc Giang, Xã Châu Minh, Huyện Hiệp Hòa, Tỉnh Bắc Giang\",\"carrier_service\":\"\",\"shipping_fee\":0,\"payment_method\":\"transfer\",\"discount\":0,\"note\":\"\"}','::1','Mozilla/5.0 (Windows NT 10.0; Win64; x64) AppleWebKit/537.36 (KHTML, like Gecko) Chrome/146.0.0.0 Safari/537.36','success',NULL,'2026-04-05 12:23:02'),(16,1,'Nguyễn Thị Lan','orders','update',2,NULL,'{\"customer_id\":2,\"warehouse_id\":2,\"group_id\":\"4\",\"items\":[{\"product_id\":3,\"qty\":2,\"unit_price\":1600000,\"discount_rate\":4,\"commission_rate\":10,\"discount_amount\":128000,\"commission_amount\":307200,\"subtotal\":3072000}],\"shipping_address\":\"22h 3 dn8, Phường Tân Hà, Thành phố Tuyên Quang, Tỉnh Tuyên Quang, Xã Tống Trân, Huyện Phù Cừ, Tỉnh Hưng Yên, Phường Tân Hà, Thành phố Tuyên Quang, Tỉnh Tuyên Quang\",\"carrier_service\":\"\",\"shipping_fee\":0,\"payment_method\":\"cash\",\"discount\":0,\"note\":\"\"}','::1','Mozilla/5.0 (Windows NT 10.0; Win64; x64) AppleWebKit/537.36 (KHTML, like Gecko) Chrome/146.0.0.0 Safari/537.36','success',NULL,'2026-04-05 12:23:09'),(17,1,'Nguyễn Thị Lan','orders','update',2,NULL,'{\"customer_id\":2,\"warehouse_id\":2,\"group_id\":\"6\",\"items\":[{\"product_id\":3,\"qty\":2,\"unit_price\":1600000,\"discount_rate\":4,\"commission_rate\":10,\"discount_amount\":128000,\"commission_amount\":307200,\"subtotal\":3072000}],\"shipping_address\":\"22h 3 dn8, Phường Tân Hà, Thành phố Tuyên Quang, Tỉnh Tuyên Quang, Xã Tống Trân, Huyện Phù Cừ, Tỉnh Hưng Yên, Phường Tân Hà, Thành phố Tuyên Quang, Tỉnh Tuyên Quang, Phường Tân Hà, Thành phố Tuyên Quang, Tỉnh Tuyên Quang\",\"carrier_service\":\"\",\"shipping_fee\":0,\"payment_method\":\"cash\",\"discount\":0,\"note\":\"\"}','::1','Mozilla/5.0 (Windows NT 10.0; Win64; x64) AppleWebKit/537.36 (KHTML, like Gecko) Chrome/146.0.0.0 Safari/537.36','success',NULL,'2026-04-05 12:23:16'),(18,1,'Nguyễn Thị Lan','orders','create',NULL,NULL,'{\"customer_id\":1,\"warehouse_id\":1,\"items\":[{\"product_id\":1,\"qty\":2,\"unit_price\":100000,\"commission_rate\":10,\"discount_amount\":0,\"commission_amount\":20000,\"subtotal\":200000}]}','::1','Mozilla/5.0 (Windows NT; Windows NT 10.0; en-US) WindowsPowerShell/5.1.18362.145','success',NULL,'2026-04-05 13:13:31'),(19,1,'Nguyễn Thị Lan','orders','create',NULL,NULL,'{\"customer_id\":1,\"warehouse_id\":1,\"items\":[{\"product_id\":1,\"qty\":2,\"unit_price\":100000,\"commission_rate\":10,\"discount_amount\":0,\"commission_amount\":20000,\"subtotal\":200000}]}','::1','Mozilla/5.0 (Windows NT; Windows NT 10.0; en-US) WindowsPowerShell/5.1.18362.145','success',NULL,'2026-04-05 13:14:50'),(20,3,'Admin Velocity','employees','update',1,NULL,'{\"full_name\":\"Nguyễn Thị Lan\",\"email\":\"lan.sales@velocity.vn\",\"password\":\"sales123\",\"phone\":\"0912345678\",\"role\":\"sales\",\"department\":\"\",\"position\":\"\",\"commission_rate\":\"5.00\",\"salary\":\"0.00\",\"join_date\":\"1899-11-28\",\"address\":\"\",\"city\":\"\",\"is_active\":1}','::1','Mozilla/5.0 (Windows NT 10.0; Win64; x64) AppleWebKit/537.36 (KHTML, like Gecko) Chrome/145.0.0.0 Safari/537.36','success',NULL,'2026-04-05 14:20:58'),(21,3,'Admin Velocity','employees','update',2,NULL,'{\"full_name\":\"Trần Văn Minh\",\"email\":\"minh.sales@velocity.vn\",\"phone\":\"0987654321\",\"role\":\"sales\",\"department\":\"\",\"position\":\"\",\"commission_rate\":\"5.00\",\"salary\":\"0.00\",\"join_date\":\"1899-11-29\",\"address\":\"\",\"city\":\"\",\"is_active\":1}','::1','Mozilla/5.0 (Windows NT 10.0; Win64; x64) AppleWebKit/537.36 (KHTML, like Gecko) Chrome/145.0.0.0 Safari/537.36','success',NULL,'2026-04-05 14:21:14'),(22,1,'Nguyễn Thị Lan','orders','delete',9,NULL,'{}','::1','Mozilla/5.0 (Windows NT 10.0; Win64; x64) AppleWebKit/537.36 (KHTML, like Gecko) Chrome/146.0.0.0 Safari/537.36','success',NULL,'2026-04-05 15:28:57'),(23,1,'Nguyễn Thị Lan','orders','delete',8,NULL,'{}','::1','Mozilla/5.0 (Windows NT 10.0; Win64; x64) AppleWebKit/537.36 (KHTML, like Gecko) Chrome/146.0.0.0 Safari/537.36','success',NULL,'2026-04-05 15:28:59'),(24,1,'Nguyễn Thị Lan','orders','delete',7,NULL,'{}','::1','Mozilla/5.0 (Windows NT 10.0; Win64; x64) AppleWebKit/537.36 (KHTML, like Gecko) Chrome/146.0.0.0 Safari/537.36','success',NULL,'2026-04-05 15:29:00'),(25,1,'Nguyễn Thị Lan','orders','delete',4,NULL,'{}','::1','Mozilla/5.0 (Windows NT 10.0; Win64; x64) AppleWebKit/537.36 (KHTML, like Gecko) Chrome/146.0.0.0 Safari/537.36','success',NULL,'2026-04-05 15:29:02'),(26,1,'Nguyễn Thị Lan','orders','delete',3,NULL,'{}','::1','Mozilla/5.0 (Windows NT 10.0; Win64; x64) AppleWebKit/537.36 (KHTML, like Gecko) Chrome/146.0.0.0 Safari/537.36','success',NULL,'2026-04-05 15:29:04'),(27,1,'Nguyễn Thị Lan','orders','delete',2,NULL,'{}','::1','Mozilla/5.0 (Windows NT 10.0; Win64; x64) AppleWebKit/537.36 (KHTML, like Gecko) Chrome/146.0.0.0 Safari/537.36','success',NULL,'2026-04-05 15:29:06'),(28,1,'Nguyễn Thị Lan','orders','delete',1,NULL,'{}','::1','Mozilla/5.0 (Windows NT 10.0; Win64; x64) AppleWebKit/537.36 (KHTML, like Gecko) Chrome/146.0.0.0 Safari/537.36','success',NULL,'2026-04-05 15:29:08'),(29,1,'Nguyễn Thị Lan','orders','create',NULL,NULL,'{\"customer_id\":6,\"warehouse_id\":1,\"group_id\":null,\"shipping_address\":\"222 nguyễn văn , Xã Châu Minh, Huyện Hiệp Hòa, Tỉnh Bắc Giang\",\"carrier_service\":\"standard\",\"shipping_fee\":0,\"payment_method\":\"cash\",\"discount\":0,\"note\":\"\",\"items\":[{\"product_id\":2,\"qty\":2,\"unit_price\":90000,\"discount_rate\":0,\"discount_amount\":0,\"commission_rate\":10,\"commission_amount\":18000,\"subtotal\":180000},{\"product_id\":3,\"qty\":1,\"unit_price\":1600000,\"discount_rate\":0,\"discount_amount\":0,\"commission_rate\":10,\"commission_amount\":160000,\"subtotal\":1600000}]}','::1','Mozilla/5.0 (Windows NT 10.0; Win64; x64) AppleWebKit/537.36 (KHTML, like Gecko) Chrome/146.0.0.0 Safari/537.36','success',NULL,'2026-04-05 17:43:00'),(30,1,'Nguyễn Thị Lan','orders','create',NULL,NULL,'{\"customer_id\":6,\"warehouse_id\":1,\"group_id\":null,\"shipping_address\":\"222 nguyễn văn , Xã Châu Minh, Huyện Hiệp Hòa, Tỉnh Bắc Giang\",\"carrier_service\":\"standard\",\"shipping_fee\":0,\"payment_method\":\"cash\",\"discount\":0,\"note\":\"\",\"items\":[{\"product_id\":2,\"qty\":2,\"unit_price\":90000,\"discount_rate\":0,\"discount_amount\":0,\"commission_rate\":10,\"commission_amount\":18000,\"subtotal\":180000},{\"product_id\":3,\"qty\":1,\"unit_price\":1600000,\"discount_rate\":0,\"discount_amount\":0,\"commission_rate\":10,\"commission_amount\":160000,\"subtotal\":1600000}]}','::1','Mozilla/5.0 (Windows NT 10.0; Win64; x64) AppleWebKit/537.36 (KHTML, like Gecko) Chrome/146.0.0.0 Safari/537.36','success',NULL,'2026-04-05 17:49:58'),(31,1,'Nguyễn Thị Lan','orders','create',NULL,NULL,'{\"customer_id\":6,\"warehouse_id\":1,\"group_id\":null,\"shipping_address\":\"222 nguyễn văn , Xã Châu Minh, Huyện Hiệp Hòa, Tỉnh Bắc Giang\",\"carrier_service\":\"standard\",\"shipping_fee\":0,\"payment_method\":\"cash\",\"discount\":0,\"note\":\"\",\"items\":[{\"product_id\":2,\"qty\":2,\"unit_price\":90000,\"discount_rate\":0,\"discount_amount\":0,\"commission_rate\":10,\"commission_amount\":18000,\"subtotal\":180000},{\"product_id\":3,\"qty\":1,\"unit_price\":1600000,\"discount_rate\":0,\"discount_amount\":0,\"commission_rate\":10,\"commission_amount\":160000,\"subtotal\":1600000}]}','::1','Mozilla/5.0 (Windows NT 10.0; Win64; x64) AppleWebKit/537.36 (KHTML, like Gecko) Chrome/146.0.0.0 Safari/537.36','success',NULL,'2026-04-05 17:50:01'),(32,1,'Nguyễn Thị Lan','orders','create',NULL,NULL,'{\"customer_id\":6,\"warehouse_id\":1,\"group_id\":null,\"shipping_address\":\"222 nguyễn văn , Xã Châu Minh, Huyện Hiệp Hòa, Tỉnh Bắc Giang\",\"carrier_service\":\"standard\",\"shipping_fee\":0,\"payment_method\":\"cash\",\"discount\":0,\"note\":\"\",\"items\":[{\"product_id\":2,\"qty\":1,\"unit_price\":90000,\"discount_rate\":0,\"discount_amount\":0,\"commission_rate\":10,\"commission_amount\":9000,\"subtotal\":90000},{\"product_id\":3,\"qty\":1,\"unit_price\":1600000,\"discount_rate\":0,\"discount_amount\":0,\"commission_rate\":10,\"commission_amount\":160000,\"subtotal\":1600000}]}','::1','Mozilla/5.0 (Windows NT 10.0; Win64; x64) AppleWebKit/537.36 (KHTML, like Gecko) Chrome/146.0.0.0 Safari/537.36','success',NULL,'2026-04-05 17:50:08'),(33,1,'Nguyễn Thị Lan','orders','delete',10,NULL,'{}','::1','Mozilla/5.0 (Windows NT 10.0; Win64; x64) AppleWebKit/537.36 (KHTML, like Gecko) Chrome/146.0.0.0 Safari/537.36','success',NULL,'2026-04-05 17:50:33'),(34,1,'Nguyễn Thị Lan','orders','delete',12,NULL,'{}','::1','Mozilla/5.0 (Windows NT 10.0; Win64; x64) AppleWebKit/537.36 (KHTML, like Gecko) Chrome/146.0.0.0 Safari/537.36','success',NULL,'2026-04-05 17:50:35'),(35,1,'Nguyễn Thị Lan','orders','delete',13,NULL,'{}','::1','Mozilla/5.0 (Windows NT 10.0; Win64; x64) AppleWebKit/537.36 (KHTML, like Gecko) Chrome/146.0.0.0 Safari/537.36','success',NULL,'2026-04-05 17:50:37'),(36,1,'Nguyễn Thị Lan','orders','update',11,NULL,'{\"customer_id\":6,\"warehouse_id\":1,\"group_id\":null,\"shipping_address\":\"222 nguyễn văn , Xã Châu Minh, Huyện Hiệp Hòa, Tỉnh Bắc Giang\",\"carrier_service\":\"standard\",\"shipping_fee\":0,\"payment_method\":\"cash\",\"discount\":0,\"note\":\"\",\"items\":[{\"product_id\":2,\"qty\":1.9,\"unit_price\":90000,\"discount_rate\":0,\"discount_amount\":0,\"commission_rate\":10,\"commission_amount\":17100,\"subtotal\":171000},{\"product_id\":3,\"qty\":1,\"unit_price\":1600000,\"discount_rate\":0,\"discount_amount\":0,\"commission_rate\":10,\"commission_amount\":160000,\"subtotal\":1600000}]}','::1','Mozilla/5.0 (Windows NT 10.0; Win64; x64) AppleWebKit/537.36 (KHTML, like Gecko) Chrome/146.0.0.0 Safari/537.36','success',NULL,'2026-04-05 17:51:49'),(37,1,'Nguyễn Thị Lan','orders','update',11,NULL,'{\"customer_id\":6,\"warehouse_id\":1,\"group_id\":null,\"shipping_address\":\"222 nguyễn văn , Xã Châu Minh, Huyện Hiệp Hòa, Tỉnh Bắc Giang\",\"carrier_service\":\"standard\",\"shipping_fee\":0,\"payment_method\":\"cash\",\"discount\":0,\"note\":\"\",\"items\":[{\"product_id\":2,\"qty\":2,\"unit_price\":90000,\"discount_rate\":0,\"discount_amount\":0,\"commission_rate\":10,\"commission_amount\":18000,\"subtotal\":180000},{\"product_id\":3,\"qty\":1,\"unit_price\":1600000,\"discount_rate\":0,\"discount_amount\":0,\"commission_rate\":10,\"commission_amount\":160000,\"subtotal\":1600000}]}','::1','Mozilla/5.0 (Windows NT 10.0; Win64; x64) AppleWebKit/537.36 (KHTML, like Gecko) Chrome/146.0.0.0 Safari/537.36','success',NULL,'2026-04-05 17:51:59'),(38,1,'Nguyễn Thị Lan','orders','update',11,NULL,'{\"customer_id\":6,\"warehouse_id\":1,\"group_id\":null,\"shipping_address\":\"222 nguyễn văn , Xã Châu Minh, Huyện Hiệp Hòa, Tỉnh Bắc Giang\",\"carrier_service\":\"standard\",\"shipping_fee\":0,\"payment_method\":\"cash\",\"discount\":0,\"note\":\"\",\"items\":[{\"product_id\":2,\"qty\":4,\"unit_price\":90000,\"discount_rate\":0,\"discount_amount\":0,\"commission_rate\":10,\"commission_amount\":36000,\"subtotal\":360000},{\"product_id\":3,\"qty\":1,\"unit_price\":1600000,\"discount_rate\":0,\"discount_amount\":0,\"commission_rate\":10,\"commission_amount\":160000,\"subtotal\":1600000}]}','::1','Mozilla/5.0 (Windows NT 10.0; Win64; x64) AppleWebKit/537.36 (KHTML, like Gecko) Chrome/146.0.0.0 Safari/537.36','success',NULL,'2026-04-05 17:55:42'),(39,1,'Nguyễn Thị Lan','orders','create',NULL,NULL,'{\"customer_id\":5,\"warehouse_id\":1,\"group_id\":null,\"shipping_address\":\"333 nguyễn trường tộ\",\"carrier_service\":\"standard\",\"shipping_fee\":0,\"payment_method\":\"cash\",\"discount\":0,\"note\":\"\",\"items\":[{\"product_id\":3,\"qty\":1,\"unit_price\":1600000,\"discount_rate\":0,\"discount_amount\":0,\"commission_rate\":10,\"commission_amount\":160000,\"subtotal\":1600000}]}','::1','Mozilla/5.0 (Windows NT 10.0; Win64; x64) AppleWebKit/537.36 (KHTML, like Gecko) Chrome/146.0.0.0 Safari/537.36','success',NULL,'2026-04-05 18:10:59'),(40,1,'Nguyễn Thị Lan','customers','update',6,NULL,'{\"name\":\"ngô tèo\",\"phone\":\"0984040404\",\"email\":\"teo@gmail.com\",\"address\":\"222 nguyễn văn , Xã Châu Minh, Huyện Hiệp Hòa, Tỉnh Bắc Giang\",\"city\":\"Tỉnh Bắc Giang\",\"district\":\"Huyện Hiệp Hòa\",\"ward\":\"Xã Châu Minh\",\"birthday\":\"\",\"tier\":\"new\",\"source\":\"store\",\"assigned_employee_id\":null,\"note\":\"\"}','::1','Mozilla/5.0 (Windows NT 10.0; Win64; x64) AppleWebKit/537.36 (KHTML, like Gecko) Chrome/146.0.0.0 Safari/537.36','success',NULL,'2026-04-05 21:53:56'),(41,1,'Nguyễn Thị Lan','customers','update',6,NULL,'{\"name\":\"ngô tèo\",\"phone\":\"0984040404\",\"email\":\"teo@gmail.com\",\"address\":\"222 nguyễn văn , Xã Châu Minh, Huyện Hiệp Hòa, Tỉnh Bắc Giang\",\"city\":\"\",\"district\":\"Huyện Hiệp Hòa\",\"ward\":\"Xã Châu Minh\",\"birthday\":\"1899-11-29\",\"tier\":\"new\",\"source\":\"store\",\"assigned_employee_id\":null,\"note\":\"\"}','::1','Mozilla/5.0 (Windows NT 10.0; Win64; x64) AppleWebKit/537.36 (KHTML, like Gecko) Chrome/146.0.0.0 Safari/537.36','success',NULL,'2026-04-05 21:54:06'),(42,1,'Nguyễn Thị Lan','orders','delete',14,NULL,'{}','::1','Mozilla/5.0 (Windows NT 10.0; Win64; x64) AppleWebKit/537.36 (KHTML, like Gecko) Chrome/146.0.0.0 Safari/537.36','success',NULL,'2026-04-05 22:14:52'),(43,1,'Nguyễn Thị Lan','orders','delete',11,NULL,'{}','::1','Mozilla/5.0 (Windows NT 10.0; Win64; x64) AppleWebKit/537.36 (KHTML, like Gecko) Chrome/146.0.0.0 Safari/537.36','success',NULL,'2026-04-05 22:14:54'),(44,1,'Nguyễn Thị Lan','orders','create',NULL,NULL,'{\"customer_id\":6,\"warehouse_id\":1,\"group_id\":5,\"shipping_address\":\"222 nguyễn văn , Xã Châu Minh, Huyện Hiệp Hòa, Tỉnh Bắc Giang\",\"carrier_service\":\"standard\",\"shipping_fee\":0,\"payment_method\":\"cash\",\"status\":\"pending\",\"discount\":0,\"note\":\"\",\"items\":[{\"product_id\":2,\"qty\":1,\"unit_price\":90000,\"discount_rate\":0,\"discount_amount\":0,\"commission_rate\":10,\"commission_amount\":9000,\"subtotal\":90000},{\"product_id\":3,\"qty\":1,\"unit_price\":1600000,\"discount_rate\":0,\"discount_amount\":0,\"commission_rate\":10,\"commission_amount\":160000,\"subtotal\":1600000}]}','::1','Mozilla/5.0 (Windows NT 10.0; Win64; x64) AppleWebKit/537.36 (KHTML, like Gecko) Chrome/146.0.0.0 Safari/537.36','success',NULL,'2026-04-05 22:15:35'),(45,1,'Nguyễn Thị Lan','orders','create',NULL,NULL,'{\"customer_id\":4,\"warehouse_id\":1,\"group_id\":5,\"shipping_address\":\"22 h3 dn8\",\"carrier_service\":\"standard\",\"shipping_fee\":0,\"payment_method\":\"transfer\",\"status\":\"pending\",\"discount\":0,\"note\":\"\",\"items\":[{\"product_id\":3,\"qty\":5,\"unit_price\":1600000,\"discount_rate\":0,\"discount_amount\":0,\"commission_rate\":10,\"commission_amount\":800000,\"subtotal\":8000000},{\"product_id\":34,\"qty\":1,\"unit_price\":350000,\"discount_rate\":0,\"discount_amount\":0,\"commission_rate\":10,\"commission_amount\":35000,\"subtotal\":350000}]}','::1','Mozilla/5.0 (Windows NT 10.0; Win64; x64) AppleWebKit/537.36 (KHTML, like Gecko) Chrome/146.0.0.0 Safari/537.36','success',NULL,'2026-04-05 22:32:54'),(46,3,'Admin Velocity','employees','update',1,NULL,'{\"full_name\":\"Nguyễn Thị Lan\",\"email\":\"lan.sales@velocity.vn\",\"password\":\"sales123\",\"phone\":\"0912345678\",\"role\":\"sales\",\"department\":\"\",\"position\":\"\",\"commission_rate\":\"5.00\",\"salary\":\"0.00\",\"join_date\":\"1899-11-27\",\"address\":\"\",\"city\":\"\",\"is_active\":1}','::1','Mozilla/5.0 (Windows NT 10.0; Win64; x64) AppleWebKit/537.36 (KHTML, like Gecko) Chrome/145.0.0.0 Safari/537.36','success',NULL,'2026-04-06 00:15:03'),(47,1,'Nguyễn Thị Lan','orders','create',NULL,NULL,'{\"customer_id\":5,\"warehouse_id\":1,\"group_id\":6,\"shipping_address\":\"333 nguyễn trường tộ\",\"carrier_service\":\"standard\",\"shipping_fee\":0,\"payment_method\":\"transfer\",\"status\":\"pending\",\"discount\":0,\"note\":\"\",\"items\":[{\"product_id\":3,\"qty\":1,\"unit_price\":1600000,\"discount_rate\":0,\"discount_amount\":0,\"commission_rate\":10,\"commission_amount\":160000,\"subtotal\":1600000},{\"product_id\":4,\"qty\":1,\"unit_price\":0,\"discount_rate\":0,\"discount_amount\":0,\"commission_rate\":10,\"commission_amount\":0,\"subtotal\":0},{\"product_id\":17,\"qty\":1,\"unit_price\":1900000,\"discount_rate\":0,\"discount_amount\":0,\"commission_rate\":10,\"commission_amount\":190000,\"subtotal\":1900000}]}','::1','Mozilla/5.0 (Windows NT 10.0; Win64; x64) AppleWebKit/537.36 (KHTML, like Gecko) Chrome/146.0.0.0 Safari/537.36','success',NULL,'2026-04-06 00:16:07'),(48,3,'Admin Velocity','employees','update',2,NULL,'{\"full_name\":\"Trần Văn Minh\",\"email\":\"minh.sales@velocity.vn\",\"phone\":\"0987654321\",\"role\":\"sales\",\"department\":\"\",\"position\":\"\",\"commission_rate\":\"5.00\",\"salary\":\"0.00\",\"join_date\":\"1899-11-28\",\"address\":\"\",\"city\":\"\",\"is_active\":1}','::1','Mozilla/5.0 (Windows NT 10.0; Win64; x64) AppleWebKit/537.36 (KHTML, like Gecko) Chrome/145.0.0.0 Safari/537.36','success',NULL,'2026-04-06 00:16:47'),(49,3,'Admin Velocity','inventory','create',NULL,NULL,'{\"warehouse_id\":1,\"items\":[{\"product_id\":2,\"quantity\":10,\"unit_price\":90000,\"note\":\"Test nhap kho\"}]}','::1','Mozilla/5.0 (Windows NT; Windows NT 10.0; en-US) WindowsPowerShell/5.1.18362.145','error','Lỗi server nội bộ: Unknown column \'NaN\' in \'field list\'','2026-04-06 00:50:17'),(50,1,'Nguyễn Thị Lan','orders','create',NULL,NULL,'{\"customer_id\":6,\"warehouse_id\":1,\"group_id\":4,\"shipping_address\":\"222 nguyễn văn , Xã Châu Minh, Huyện Hiệp Hòa, Tỉnh Bắc Giang\",\"carrier_service\":\"standard\",\"shipping_fee\":0,\"payment_method\":\"cash\",\"status\":\"pending\",\"discount\":0,\"note\":\"\",\"items\":[{\"product_id\":10,\"qty\":1,\"unit_price\":3800000,\"discount_rate\":0,\"discount_amount\":0,\"commission_rate\":10,\"commission_amount\":380000,\"subtotal\":3800000},{\"product_id\":18,\"qty\":1,\"unit_price\":2300000,\"discount_rate\":0,\"discount_amount\":0,\"commission_rate\":10,\"commission_amount\":230000,\"subtotal\":2300000},{\"product_id\":15,\"qty\":1,\"unit_price\":0,\"discount_rate\":0,\"discount_amount\":0,\"commission_rate\":10,\"commission_amount\":0,\"subtotal\":0}]}','::1','Mozilla/5.0 (Windows NT 10.0; Win64; x64) AppleWebKit/537.36 (KHTML, like Gecko) Chrome/146.0.0.0 Safari/537.36','success',NULL,'2026-04-06 00:56:09'),(51,1,'Nguyễn Thị Lan','orders','create',NULL,NULL,'{\"customer_id\":2,\"warehouse_id\":1,\"group_id\":5,\"shipping_address\":\"22h 3 dn8, Phường Tân Hà, Thành phố Tuyên Quang, Tỉnh Tuyên Quang\",\"carrier_service\":\"standard\",\"shipping_fee\":0,\"payment_method\":\"cash\",\"status\":\"pending\",\"discount\":0,\"note\":\"\",\"items\":[{\"product_id\":3,\"qty\":1,\"unit_price\":1600000,\"discount_rate\":0,\"discount_amount\":0,\"commission_rate\":7,\"commission_amount\":112000,\"subtotal\":1600000},{\"product_id\":9,\"qty\":2,\"unit_price\":150000,\"discount_rate\":0,\"discount_amount\":0,\"commission_rate\":5,\"commission_amount\":15000,\"subtotal\":300000},{\"product_id\":8,\"qty\":1,\"unit_price\":230000,\"discount_rate\":0,\"discount_amount\":0,\"commission_rate\":10,\"commission_amount\":23000,\"subtotal\":230000}]}','::1','Mozilla/5.0 (Windows NT 10.0; Win64; x64) AppleWebKit/537.36 (KHTML, like Gecko) Chrome/146.0.0.0 Safari/537.36','success',NULL,'2026-04-06 00:57:50'),(52,3,'Admin Velocity','inventory','create',NULL,NULL,'{\"warehouse_id\":2,\"items\":[{\"product_id\":10,\"qty\":1,\"price\":0}],\"reason\":\"\",\"status\":\"completed\"}','::1','Mozilla/5.0 (Windows NT 10.0; Win64; x64) AppleWebKit/537.36 (KHTML, like Gecko) Chrome/145.0.0.0 Safari/537.36','success',NULL,'2026-04-07 11:27:12'),(53,3,'Admin Velocity','employees','update',1,NULL,'{\"full_name\":\"Nguyễn Thị Lan\",\"email\":\"lan.sales@velocity.vn\",\"password\":\"sales123\",\"phone\":\"0912345678\",\"role\":\"sales\",\"department\":\"\",\"position\":\"\",\"commission_rate\":\"5.00\",\"salary\":\"0.00\",\"join_date\":\"1899-11-26\",\"address\":\"\",\"city\":\"\",\"is_active\":1}','::1','Mozilla/5.0 (Windows NT 10.0; Win64; x64) AppleWebKit/537.36 (KHTML, like Gecko) Chrome/145.0.0.0 Safari/537.36','success',NULL,'2026-04-07 11:28:44'),(54,3,'Admin Velocity','orders','update',18,NULL,'{\"status\":\"shipping\"}','::1','Mozilla/5.0 (Windows NT 10.0; Win64; x64) AppleWebKit/537.36 (KHTML, like Gecko) Chrome/145.0.0.0 Safari/537.36','success',NULL,'2026-04-07 12:01:07'),(55,3,'Admin Velocity','orders','update',17,NULL,'{\"status\":\"shipping\"}','::1','Mozilla/5.0 (Windows NT 10.0; Win64; x64) AppleWebKit/537.36 (KHTML, like Gecko) Chrome/145.0.0.0 Safari/537.36','success',NULL,'2026-04-07 12:01:07'),(56,3,'Admin Velocity','orders','update',19,NULL,'{\"status\":\"shipping\"}','::1','Mozilla/5.0 (Windows NT 10.0; Win64; x64) AppleWebKit/537.36 (KHTML, like Gecko) Chrome/145.0.0.0 Safari/537.36','success',NULL,'2026-04-07 12:01:07'),(57,3,'Admin Velocity','orders','update',18,NULL,'{\"status\":\"shipping\"}','::1','Mozilla/5.0 (Windows NT 10.0; Win64; x64) AppleWebKit/537.36 (KHTML, like Gecko) Chrome/145.0.0.0 Safari/537.36','success',NULL,'2026-04-07 12:01:20'),(58,3,'Admin Velocity','orders','update',17,NULL,'{\"status\":\"shipping\"}','::1','Mozilla/5.0 (Windows NT 10.0; Win64; x64) AppleWebKit/537.36 (KHTML, like Gecko) Chrome/145.0.0.0 Safari/537.36','success',NULL,'2026-04-07 12:01:20'),(59,3,'Admin Velocity','orders','update',15,NULL,'{\"status\":\"shipping\"}','::1','Mozilla/5.0 (Windows NT 10.0; Win64; x64) AppleWebKit/537.36 (KHTML, like Gecko) Chrome/145.0.0.0 Safari/537.36','success',NULL,'2026-04-07 12:01:20'),(60,3,'Admin Velocity','orders','update',16,NULL,'{\"status\":\"shipping\"}','::1','Mozilla/5.0 (Windows NT 10.0; Win64; x64) AppleWebKit/537.36 (KHTML, like Gecko) Chrome/145.0.0.0 Safari/537.36','success',NULL,'2026-04-07 12:01:20'),(61,3,'Admin Velocity','orders','update',19,NULL,'{\"status\":\"shipping\"}','::1','Mozilla/5.0 (Windows NT 10.0; Win64; x64) AppleWebKit/537.36 (KHTML, like Gecko) Chrome/145.0.0.0 Safari/537.36','success',NULL,'2026-04-07 12:01:20'),(62,1,'Nguyễn Thị Lan','orders','create',NULL,NULL,'{\"customer_id\":6,\"warehouse_id\":2,\"group_id\":5,\"shipping_address\":\"222 nguyễn văn , Xã Châu Minh, Huyện Hiệp Hòa, Tỉnh Bắc Giang\",\"carrier_service\":\"standard\",\"shipping_fee\":0,\"payment_method\":\"cash\",\"status\":\"pending\",\"discount\":0,\"note\":\"\",\"items\":[{\"product_id\":2,\"qty\":1,\"unit_price\":90000,\"discount_rate\":0,\"discount_amount\":0,\"commission_rate\":10,\"commission_amount\":9000,\"subtotal\":90000}]}','::1','Mozilla/5.0 (Windows NT 10.0; Win64; x64) AppleWebKit/537.36 (KHTML, like Gecko) Chrome/146.0.0.0 Safari/537.36','success',NULL,'2026-04-07 13:05:55'),(63,1,'Nguyễn Thị Lan','orders','delete',20,NULL,'{}','::1','Mozilla/5.0 (Windows NT 10.0; Win64; x64) AppleWebKit/537.36 (KHTML, like Gecko) Chrome/146.0.0.0 Safari/537.36','success',NULL,'2026-04-07 14:00:48'),(64,1,'Nguyễn Thị Lan','orders','delete',19,NULL,'{}','::1','Mozilla/5.0 (Windows NT 10.0; Win64; x64) AppleWebKit/537.36 (KHTML, like Gecko) Chrome/146.0.0.0 Safari/537.36','success',NULL,'2026-04-07 14:00:50'),(65,1,'Nguyễn Thị Lan','orders','delete',18,NULL,'{}','::1','Mozilla/5.0 (Windows NT 10.0; Win64; x64) AppleWebKit/537.36 (KHTML, like Gecko) Chrome/146.0.0.0 Safari/537.36','success',NULL,'2026-04-07 14:00:52'),(66,1,'Nguyễn Thị Lan','orders','delete',17,NULL,'{}','::1','Mozilla/5.0 (Windows NT 10.0; Win64; x64) AppleWebKit/537.36 (KHTML, like Gecko) Chrome/146.0.0.0 Safari/537.36','success',NULL,'2026-04-07 14:00:53'),(67,1,'Nguyễn Thị Lan','orders','delete',16,NULL,'{}','::1','Mozilla/5.0 (Windows NT 10.0; Win64; x64) AppleWebKit/537.36 (KHTML, like Gecko) Chrome/146.0.0.0 Safari/537.36','success',NULL,'2026-04-07 14:00:55'),(68,1,'Nguyễn Thị Lan','orders','delete',15,NULL,'{}','::1','Mozilla/5.0 (Windows NT 10.0; Win64; x64) AppleWebKit/537.36 (KHTML, like Gecko) Chrome/146.0.0.0 Safari/537.36','success',NULL,'2026-04-07 14:00:57'),(69,3,'Admin Velocity','inventory','create',NULL,NULL,'{\"warehouse_id\":2,\"items\":[{\"product_id\":14,\"qty\":1,\"price\":0}],\"reason\":\"export_sale\",\"status\":\"completed\"}','::1','Mozilla/5.0 (Windows NT 10.0; Win64; x64) AppleWebKit/537.36 (KHTML, like Gecko) Chrome/145.0.0.0 Safari/537.36','error','Sản phẩm ID 14 chưa có trong kho này','2026-04-07 14:24:08'),(70,3,'Admin Velocity','inventory','create',NULL,NULL,'{\"warehouse_id\":2,\"items\":[{\"product_id\":14,\"qty\":1,\"price\":0}],\"reason\":\"export_sale\",\"status\":\"completed\"}','::1','Mozilla/5.0 (Windows NT 10.0; Win64; x64) AppleWebKit/537.36 (KHTML, like Gecko) Chrome/145.0.0.0 Safari/537.36','error','Sản phẩm ID 14 chưa có trong kho này','2026-04-07 14:24:27'),(71,3,'Admin Velocity','inventory','create',NULL,NULL,'{\"warehouse_id\":2,\"items\":[{\"product_id\":3,\"qty\":1,\"price\":1600000}],\"reason\":\"export_sale\",\"status\":\"completed\"}','::1','Mozilla/5.0 (Windows NT 10.0; Win64; x64) AppleWebKit/537.36 (KHTML, like Gecko) Chrome/145.0.0.0 Safari/537.36','error','Sản phẩm ID 3 chưa có trong kho này','2026-04-07 14:41:43'),(72,3,'Admin Velocity','inventory','create',NULL,NULL,'{\"warehouse_id\":2,\"destination_warehouse_id\":null,\"items\":[{\"product_id\":5,\"qty\":1,\"price\":3500000}],\"reason\":\"export_sale\",\"status\":\"completed\"}','::1','Mozilla/5.0 (Windows NT 10.0; Win64; x64) AppleWebKit/537.36 (KHTML, like Gecko) Chrome/145.0.0.0 Safari/537.36','error','Lỗi server nội bộ: Sản phẩm ID 5 chưa có trong kho này','2026-04-07 15:32:17'),(73,3,'Admin Velocity','inventory','create',NULL,NULL,'{\"warehouse_id\":1,\"destination_warehouse_id\":2,\"items\":[{\"product_id\":5,\"qty\":1,\"price\":3500000}],\"reason\":\"export_transfer\",\"status\":\"completed\"}','::1','Mozilla/5.0 (Windows NT 10.0; Win64; x64) AppleWebKit/537.36 (KHTML, like Gecko) Chrome/145.0.0.0 Safari/537.36','success',NULL,'2026-04-07 15:33:59'),(74,1,'Nguyễn Thị Lan','orders','create',NULL,NULL,'{\"customer_id\":6,\"warehouse_id\":2,\"group_id\":5,\"shipping_address\":\"222 nguyễn văn , Xã Châu Minh, Huyện Hiệp Hòa, Tỉnh Bắc Giang\",\"carrier_service\":\"standard\",\"shipping_fee\":0,\"payment_method\":\"transfer\",\"status\":\"pending\",\"discount\":0,\"note\":\"\",\"items\":[{\"product_id\":2,\"qty\":1,\"unit_price\":90000,\"discount_rate\":0,\"discount_amount\":0,\"commission_rate\":10,\"commission_amount\":9000,\"subtotal\":90000},{\"product_id\":5,\"qty\":2,\"unit_price\":3500000,\"discount_rate\":0,\"discount_amount\":0,\"commission_rate\":10,\"commission_amount\":700000,\"subtotal\":7000000}]}','::1','Mozilla/5.0 (Windows NT 10.0; Win64; x64) AppleWebKit/537.36 (KHTML, like Gecko) Chrome/146.0.0.0 Safari/537.36','success',NULL,'2026-04-07 15:39:50'),(75,1,'Nguyễn Thị Lan','orders','update',21,NULL,'{\"customer_id\":6,\"warehouse_id\":2,\"group_id\":5,\"shipping_address\":\"222 nguyễn văn , Xã Châu Minh, Huyện Hiệp Hòa, Tỉnh Bắc Giang\",\"carrier_service\":\"standard\",\"shipping_fee\":0,\"payment_method\":\"transfer\",\"status\":\"pending\",\"discount\":0,\"note\":\"\",\"items\":[{\"product_id\":2,\"qty\":1,\"unit_price\":90000,\"discount_rate\":0,\"discount_amount\":0,\"commission_rate\":10,\"commission_amount\":9000,\"subtotal\":90000},{\"product_id\":5,\"qty\":2,\"unit_price\":3500000,\"discount_rate\":0,\"discount_amount\":0,\"commission_rate\":10,\"commission_amount\":700000,\"subtotal\":7000000}]}','::1','Mozilla/5.0 (Windows NT 10.0; Win64; x64) AppleWebKit/537.36 (KHTML, like Gecko) Chrome/146.0.0.0 Safari/537.36','success',NULL,'2026-04-07 15:40:00'),(76,3,'Admin Velocity','inventory','create',NULL,NULL,'{\"warehouse_id\":1,\"destination_warehouse_id\":2,\"items\":[{\"product_id\":5,\"qty\":1,\"price\":3500000}],\"reason\":\"export_transfer\",\"status\":\"completed\"}','::1','Mozilla/5.0 (Windows NT 10.0; Win64; x64) AppleWebKit/537.36 (KHTML, like Gecko) Chrome/145.0.0.0 Safari/537.36','success',NULL,'2026-04-07 15:57:26'),(77,3,'Admin Velocity','products','create',NULL,NULL,'{\"name\":\"abc\",\"sku\":\"fdffd\",\"category_id\":1,\"unit\":\"Cái\",\"price\":10000,\"cost_price\":0,\"stock_qty\":100,\"description\":\"\",\"images\":[\"/api/uploads/1775552423301-206739921.jpg\"]}','::1','Mozilla/5.0 (Windows NT 10.0; Win64; x64) AppleWebKit/537.36 (KHTML, like Gecko) Chrome/145.0.0.0 Safari/537.36','success',NULL,'2026-04-07 16:00:49'),(78,3,'Admin Velocity','products','update',119,NULL,'{\"name\":\"abc\",\"sku\":\"fggggfgfg\",\"category_id\":1,\"unit\":\"Cái\",\"price\":10000,\"cost_price\":0,\"stock_qty\":100,\"weight\":100.001,\"description\":\"\",\"images\":[\"/api/uploads/1775554602828-433161645.jpg\"]}','::1','Mozilla/5.0 (Windows NT 10.0; Win64; x64) AppleWebKit/537.36 (KHTML, like Gecko) Chrome/145.0.0.0 Safari/537.36','success',NULL,'2026-04-07 16:36:48'),(79,3,'Admin Velocity','products','update',119,NULL,'{\"is_active\":0}','::1','Mozilla/5.0 (Windows NT 10.0; Win64; x64) AppleWebKit/537.36 (KHTML, like Gecko) Chrome/145.0.0.0 Safari/537.36','success',NULL,'2026-04-07 16:39:58'),(80,3,'Admin Velocity','products','create',NULL,NULL,'{\"name\":\"tèo hói\",\"sku\":\"fffsfsfsfd\",\"category_id\":1,\"unit\":\"Cái\",\"price\":1000,\"cost_price\":0,\"stock_qty\":10,\"weight\":0.5,\"description\":\"\",\"images\":[\"/uploads/1775554808505-38825042.jpg\"]}','::1','Mozilla/5.0 (Windows NT 10.0; Win64; x64) AppleWebKit/537.36 (KHTML, like Gecko) Chrome/145.0.0.0 Safari/537.36','success',NULL,'2026-04-07 16:40:52'),(81,3,'Admin Velocity','orders','create',NULL,NULL,'{\"customer_id\":6,\"warehouse_id\":1,\"group_id\":6,\"shipping_address\":\"222 nguyễn văn , Xã Châu Minh, Huyện Hiệp Hòa, Tỉnh Bắc Giang\",\"carrier_service\":\"standard\",\"shipping_fee\":0,\"payment_method\":\"cash\",\"status\":\"pending\",\"discount\":0,\"note\":\"\",\"items\":[{\"product_id\":6,\"qty\":1,\"unit_price\":150000,\"discount_rate\":0,\"discount_amount\":0,\"commission_rate\":10,\"commission_amount\":15000,\"subtotal\":150000}]}','::1','Mozilla/5.0 (Windows NT 10.0; Win64; x64) AppleWebKit/537.36 (KHTML, like Gecko) Chrome/145.0.0.0 Safari/537.36','success',NULL,'2026-04-07 16:56:20'),(82,3,'Admin Velocity','orders','update',22,NULL,'{\"customer_id\":6,\"warehouse_id\":1,\"group_id\":6,\"shipping_address\":\"222 nguyễn văn , Xã Châu Minh, Huyện Hiệp Hòa, Tỉnh Bắc Giang\",\"carrier_service\":\"standard\",\"shipping_fee\":0,\"payment_method\":\"cash\",\"status\":\"pending\",\"discount\":0,\"note\":\"\",\"items\":[{\"product_id\":6,\"qty\":1,\"unit_price\":150000,\"discount_rate\":0,\"discount_amount\":0,\"commission_rate\":10,\"commission_amount\":15000,\"subtotal\":150000}]}','::1','Mozilla/5.0 (Windows NT 10.0; Win64; x64) AppleWebKit/537.36 (KHTML, like Gecko) Chrome/145.0.0.0 Safari/537.36','success',NULL,'2026-04-07 16:56:29'),(83,1,'Nguyễn Thị Lan','orders','create',NULL,NULL,'{\"customer_id\":6,\"warehouse_id\":1,\"group_id\":5,\"shipping_address\":\"222 nguyễn văn , Xã Châu Minh, Huyện Hiệp Hòa, Tỉnh Bắc Giang\",\"carrier_service\":\"standard\",\"shipping_fee\":0,\"payment_method\":\"cash\",\"status\":\"pending\",\"discount\":0,\"note\":\"\",\"items\":[{\"product_id\":7,\"qty\":0.8,\"unit_price\":3700000,\"discount_rate\":1,\"discount_amount\":29600,\"commission_rate\":10,\"commission_amount\":293040,\"subtotal\":2930400}]}','::1','Mozilla/5.0 (Windows NT 10.0; Win64; x64) AppleWebKit/537.36 (KHTML, like Gecko) Chrome/146.0.0.0 Safari/537.36','success',NULL,'2026-04-07 16:58:50'),(84,1,'Nguyễn Thị Lan','orders','update',23,NULL,'{\"customer_id\":6,\"warehouse_id\":1,\"group_id\":5,\"shipping_address\":\"222 nguyễn văn , Xã Châu Minh, Huyện Hiệp Hòa, Tỉnh Bắc Giang\",\"carrier_service\":\"standard\",\"shipping_fee\":0,\"payment_method\":\"cash\",\"status\":\"pending\",\"discount\":0,\"note\":\"\",\"items\":[{\"product_id\":7,\"qty\":0.8,\"unit_price\":3700000,\"discount_rate\":1,\"discount_amount\":29600,\"commission_rate\":10,\"commission_amount\":293040,\"subtotal\":2930400}]}','::1','Mozilla/5.0 (Windows NT 10.0; Win64; x64) AppleWebKit/537.36 (KHTML, like Gecko) Chrome/146.0.0.0 Safari/537.36','success',NULL,'2026-04-07 16:58:56'),(85,3,'Admin Velocity','employees','update',1,NULL,'{\"full_name\":\"Nguyễn Thị Lan\",\"email\":\"lan.sales@velocity.vn\",\"password\":\"sales123\",\"phone\":\"0912345678\",\"role\":\"sales\",\"department\":\"\",\"position\":\"\",\"commission_rate\":\"5.00\",\"salary\":\"0.00\",\"join_date\":\"1899-11-25\",\"address\":\"\",\"city\":\"\",\"is_active\":1}','::1','Mozilla/5.0 (Windows NT 10.0; Win64; x64) AppleWebKit/537.36 (KHTML, like Gecko) Chrome/145.0.0.0 Safari/537.36','success',NULL,'2026-04-07 20:01:51'),(86,1,'Nguyễn Thị Lan','orders','create',NULL,NULL,'{\"customer_id\":5,\"warehouse_id\":1,\"group_id\":6,\"shipping_address\":\"333 nguyễn trường tộ\",\"carrier_service\":\"standard\",\"shipping_fee\":0,\"payment_method\":\"cash\",\"status\":\"pending\",\"discount\":0,\"note\":\"\",\"items\":[{\"product_id\":6,\"qty\":1,\"unit_price\":150000,\"discount_rate\":0,\"discount_amount\":0,\"commission_rate\":10,\"commission_amount\":15000,\"subtotal\":150000}]}','::1','Mozilla/5.0 (Windows NT 10.0; Win64; x64) AppleWebKit/537.36 (KHTML, like Gecko) Chrome/146.0.0.0 Safari/537.36','success',NULL,'2026-04-07 20:03:12'),(87,1,'Nguyễn Thị Lan','orders','update',24,NULL,'{\"customer_id\":5,\"warehouse_id\":1,\"group_id\":6,\"shipping_address\":\"333 nguyễn trường tộ\",\"carrier_service\":\"standard\",\"shipping_fee\":0,\"payment_method\":\"cash\",\"status\":\"pending\",\"discount\":0,\"note\":\"\",\"items\":[{\"product_id\":6,\"qty\":1,\"unit_price\":150000,\"discount_rate\":0,\"discount_amount\":0,\"commission_rate\":10,\"commission_amount\":15000,\"subtotal\":150000}]}','::1','Mozilla/5.0 (Windows NT 10.0; Win64; x64) AppleWebKit/537.36 (KHTML, like Gecko) Chrome/146.0.0.0 Safari/537.36','success',NULL,'2026-04-07 20:03:14'),(88,3,'Admin Velocity','import','create',NULL,NULL,'{}','::1','Mozilla/5.0 (Windows NT 10.0; Win64; x64) AppleWebKit/537.36 (KHTML, like Gecko) Chrome/145.0.0.0 Safari/537.36','success',NULL,'2026-04-08 10:25:54'),(89,1,'Nguyễn Thị Lan','orders','update',24,NULL,'{\"status\":\"completed\"}','::1','Mozilla/5.0 (Windows NT 10.0; Win64; x64) AppleWebKit/537.36 (KHTML, like Gecko) Chrome/146.0.0.0 Safari/537.36','success',NULL,'2026-04-08 10:45:46'),(90,1,'Nguyễn Thị Lan','orders','delete',24,NULL,'{}','::1','Mozilla/5.0 (Windows NT 10.0; Win64; x64) AppleWebKit/537.36 (KHTML, like Gecko) Chrome/146.0.0.0 Safari/537.36','success',NULL,'2026-04-08 10:58:46'),(91,3,'Admin Velocity','employees','update',63,NULL,'{\"role_id\":1}','::1','Mozilla/5.0 (Windows NT 10.0; Win64; x64) AppleWebKit/537.36 (KHTML, like Gecko) Chrome/145.0.0.0 Safari/537.36','success',NULL,'2026-04-08 18:29:33'),(92,3,'Admin Velocity','orders','update',23,NULL,'{\"status\":\"completed\"}','::1','Mozilla/5.0 (Windows NT 10.0; Win64; x64) AppleWebKit/537.36 (KHTML, like Gecko) Chrome/145.0.0.0 Safari/537.36','success',NULL,'2026-04-08 18:38:23'),(93,3,'Admin Velocity','employees','update',3,NULL,'{\"currentPassword\":\"comiumauden1234\",\"newPassword\":\"abc123\"}','::1','Mozilla/5.0 (Windows NT 10.0; Win64; x64) AppleWebKit/537.36 (KHTML, like Gecko) Chrome/145.0.0.0 Safari/537.36','success',NULL,'2026-04-08 18:54:59'),(94,3,'Admin Velocity','employees','update',63,NULL,'{\"full_name\":\"Nguyễn Thị Tuyết Trinh\",\"username\":\"comiumauden1234\",\"email\":\"comiumauden1234@gmail.com\",\"password\":\"abc123\",\"phone\":\"\",\"role_id\":1,\"department\":\"Kinh doanh\",\"position\":\"Nhân viên\",\"commission_rate\":\"10.00\",\"salary\":\"0.00\",\"join_date\":\"\",\"address\":\"\",\"city\":\"\",\"is_active\":1}','::1','Mozilla/5.0 (Windows NT 10.0; Win64; x64) AppleWebKit/537.36 (KHTML, like Gecko) Chrome/145.0.0.0 Safari/537.36','success',NULL,'2026-04-08 18:57:29'),(95,1,'Nguyễn Thị Lan','orders','create',NULL,NULL,'{\"customer_id\":5,\"warehouse_id\":1,\"group_id\":6,\"shipping_address\":\"333 nguyễn trường tộ\",\"carrier_service\":\"standard\",\"shipping_fee\":0,\"payment_method\":\"cash\",\"status\":\"pending\",\"discount\":0,\"note\":\"\",\"items\":[{\"product_id\":7,\"qty\":1,\"unit_price\":3700000,\"discount_rate\":0,\"discount_amount\":0,\"commission_rate\":10,\"commission_amount\":370000,\"subtotal\":3700000},{\"product_id\":11,\"qty\":1,\"unit_price\":230000,\"discount_rate\":0,\"discount_amount\":0,\"commission_rate\":10,\"commission_amount\":23000,\"subtotal\":230000}],\"source_type\":\"sales\"}','::1','Mozilla/5.0 (Windows NT 10.0; Win64; x64) AppleWebKit/537.36 (KHTML, like Gecko) Chrome/146.0.0.0 Safari/537.36','success',NULL,'2026-04-09 11:45:30'),(96,1,'Nguyễn Thị Lan','orders','update',25,NULL,'{\"customer_id\":5,\"warehouse_id\":1,\"group_id\":6,\"shipping_address\":\"333 nguyễn trường tộ\",\"carrier_service\":\"standard\",\"shipping_fee\":0,\"payment_method\":\"cash\",\"status\":\"pending\",\"discount\":0,\"note\":\"\",\"items\":[{\"product_id\":7,\"qty\":1,\"unit_price\":3700000,\"discount_rate\":0,\"discount_amount\":0,\"commission_rate\":10,\"commission_amount\":370000,\"subtotal\":3700000},{\"product_id\":11,\"qty\":1,\"unit_price\":230000,\"discount_rate\":0,\"discount_amount\":0,\"commission_rate\":10,\"commission_amount\":23000,\"subtotal\":230000}],\"source_type\":\"sales\"}','::1','Mozilla/5.0 (Windows NT 10.0; Win64; x64) AppleWebKit/537.36 (KHTML, like Gecko) Chrome/146.0.0.0 Safari/537.36','success',NULL,'2026-04-09 11:45:33'),(97,1,'Nguyễn Thị Lan','orders','update',25,NULL,'{\"customer_id\":5,\"warehouse_id\":1,\"group_id\":6,\"shipping_address\":\"333 nguyễn trường tộ\",\"carrier_service\":\"standard\",\"shipping_fee\":0,\"payment_method\":\"cash\",\"status\":\"pending\",\"discount\":0,\"note\":\"\",\"items\":[{\"product_id\":7,\"qty\":1,\"unit_price\":3700000,\"discount_rate\":0,\"discount_amount\":0,\"commission_rate\":5,\"commission_amount\":185000,\"subtotal\":3700000},{\"product_id\":11,\"qty\":1,\"unit_price\":230000,\"discount_rate\":0,\"discount_amount\":0,\"commission_rate\":5,\"commission_amount\":11500,\"subtotal\":230000}],\"source_type\":\"collaborator\",\"manager_salesperson_id\":2,\"collaborator_user_id\":1}','::1','Mozilla/5.0 (Windows NT 10.0; Win64; x64) AppleWebKit/537.36 (KHTML, like Gecko) Chrome/146.0.0.0 Safari/537.36','success',NULL,'2026-04-09 11:50:56'),(98,1,'Nguyễn Thị Lan','orders','update',25,NULL,'{\"customer_id\":5,\"warehouse_id\":1,\"group_id\":6,\"shipping_address\":\"333 nguyễn trường tộ\",\"carrier_service\":\"standard\",\"shipping_fee\":0,\"payment_method\":\"cash\",\"status\":\"pending\",\"discount\":0,\"note\":\"\",\"items\":[{\"product_id\":7,\"qty\":1,\"unit_price\":3700000,\"discount_rate\":0,\"discount_amount\":0,\"commission_rate\":10,\"commission_amount\":370000},{\"product_id\":11,\"qty\":1,\"unit_price\":230000,\"discount_rate\":0,\"discount_amount\":0,\"commission_rate\":10,\"commission_amount\":23000}],\"source_type\":\"sales\"}','::1','Mozilla/5.0 (Windows NT 10.0; Win64; x64) AppleWebKit/537.36 (KHTML, like Gecko) Chrome/146.0.0.0 Safari/537.36','error','Chỉ Admin có thể đổi đơn nguồn CTV về đơn bán trực tiếp','2026-04-09 12:07:41'),(99,1,'Nguyễn Thị Lan','orders','create',NULL,NULL,'{\"customer_id\":2,\"warehouse_id\":1,\"group_id\":5,\"shipping_address\":\"22h 3 dn8, Phường Tân Hà, Thành phố Tuyên Quang, Tỉnh Tuyên Quang\",\"carrier_service\":\"standard\",\"shipping_fee\":0,\"payment_method\":\"cash\",\"status\":\"pending\",\"discount\":0,\"note\":\"\",\"items\":[{\"product_id\":16,\"qty\":1,\"unit_price\":0,\"discount_rate\":0,\"discount_amount\":0,\"commission_rate\":10,\"commission_amount\":0,\"subtotal\":0},{\"product_id\":13,\"qty\":1,\"unit_price\":2100000,\"discount_rate\":0,\"discount_amount\":0,\"commission_rate\":10,\"commission_amount\":210000,\"subtotal\":2100000}],\"source_type\":\"sales\"}','::1','Mozilla/5.0 (Windows NT 10.0; Win64; x64) AppleWebKit/537.36 (KHTML, like Gecko) Chrome/146.0.0.0 Safari/537.36','success',NULL,'2026-04-09 12:18:26'),(100,1,'Nguyễn Thị Lan','orders','update',26,NULL,'{\"customer_id\":2,\"warehouse_id\":1,\"group_id\":5,\"shipping_address\":\"22h 3 dn8, Phường Tân Hà, Thành phố Tuyên Quang, Tỉnh Tuyên Quang\",\"carrier_service\":\"standard\",\"shipping_fee\":0,\"payment_method\":\"cash\",\"status\":\"pending\",\"discount\":0,\"note\":\"\",\"items\":[{\"product_id\":16,\"qty\":1,\"unit_price\":0,\"discount_rate\":0,\"discount_amount\":0,\"commission_rate\":10,\"commission_amount\":0,\"subtotal\":0},{\"product_id\":13,\"qty\":1,\"unit_price\":2100000,\"discount_rate\":0,\"discount_amount\":0,\"commission_rate\":10,\"commission_amount\":210000,\"subtotal\":2100000}],\"source_type\":\"sales\"}','::1','Mozilla/5.0 (Windows NT 10.0; Win64; x64) AppleWebKit/537.36 (KHTML, like Gecko) Chrome/146.0.0.0 Safari/537.36','success',NULL,'2026-04-09 12:18:27'),(101,1,'Nguyễn Thị Lan','orders','update',26,NULL,'{\"customer_id\":2,\"warehouse_id\":1,\"group_id\":5,\"shipping_address\":\"22h 3 dn8, Phường Tân Hà, Thành phố Tuyên Quang, Tỉnh Tuyên Quang\",\"carrier_service\":\"standard\",\"shipping_fee\":0,\"payment_method\":\"cash\",\"status\":\"pending\",\"discount\":0,\"note\":\"\",\"items\":[{\"product_id\":16,\"qty\":1,\"unit_price\":0,\"discount_rate\":0,\"discount_amount\":0,\"commission_rate\":5,\"commission_amount\":0,\"subtotal\":0},{\"product_id\":13,\"qty\":1,\"unit_price\":2100000,\"discount_rate\":0,\"discount_amount\":0,\"commission_rate\":5,\"commission_amount\":105000,\"subtotal\":2100000}],\"source_type\":\"collaborator\",\"manager_salesperson_id\":2,\"collaborator_user_id\":1}','::1','Mozilla/5.0 (Windows NT 10.0; Win64; x64) AppleWebKit/537.36 (KHTML, like Gecko) Chrome/146.0.0.0 Safari/537.36','success',NULL,'2026-04-09 12:19:26'),(102,1,'Nguyễn Thị Lan','orders','update',26,NULL,'{\"customer_id\":2,\"warehouse_id\":1,\"group_id\":5,\"shipping_address\":\"22h 3 dn8, Phường Tân Hà, Thành phố Tuyên Quang, Tỉnh Tuyên Quang\",\"carrier_service\":\"standard\",\"shipping_fee\":0,\"payment_method\":\"cash\",\"status\":\"pending\",\"discount\":0,\"note\":\"\",\"items\":[{\"product_id\":16,\"qty\":1,\"unit_price\":0,\"discount_rate\":0,\"discount_amount\":0,\"commission_rate\":5,\"commission_amount\":0,\"subtotal\":0},{\"product_id\":13,\"qty\":1,\"unit_price\":2100000,\"discount_rate\":0,\"discount_amount\":0,\"commission_rate\":5,\"commission_amount\":105000,\"subtotal\":2100000}],\"source_type\":\"collaborator\",\"manager_salesperson_id\":2,\"collaborator_user_id\":1}','::1','Mozilla/5.0 (Windows NT 10.0; Win64; x64) AppleWebKit/537.36 (KHTML, like Gecko) Chrome/146.0.0.0 Safari/537.36','success',NULL,'2026-04-09 12:25:35'),(103,1,'Nguyễn Thị Lan','orders','delete',26,NULL,'{}','::1','Mozilla/5.0 (Windows NT 10.0; Win64; x64) AppleWebKit/537.36 (KHTML, like Gecko) Chrome/146.0.0.0 Safari/537.36','success',NULL,'2026-04-09 12:34:58'),(104,1,'Nguyễn Thị Lan','orders','delete',25,NULL,'{}','::1','Mozilla/5.0 (Windows NT 10.0; Win64; x64) AppleWebKit/537.36 (KHTML, like Gecko) Chrome/146.0.0.0 Safari/537.36','success',NULL,'2026-04-09 12:35:00'),(105,2,'Trần Văn Minh','orders','delete',26,NULL,'{}','::1','Mozilla/5.0 (Windows NT 10.0; Win64; x64; rv:149.0) Gecko/20100101 Firefox/149.0','error','Không tìm thấy đơn hàng','2026-04-09 12:35:04'),(106,1,'Nguyễn Thị Lan','orders','delete',23,NULL,'{}','::1','Mozilla/5.0 (Windows NT 10.0; Win64; x64) AppleWebKit/537.36 (KHTML, like Gecko) Chrome/146.0.0.0 Safari/537.36','success',NULL,'2026-04-09 12:35:23'),(107,1,'Nguyễn Thị Lan','orders','delete',21,NULL,'{}','::1','Mozilla/5.0 (Windows NT 10.0; Win64; x64) AppleWebKit/537.36 (KHTML, like Gecko) Chrome/146.0.0.0 Safari/537.36','success',NULL,'2026-04-09 12:35:25'),(108,3,'Admin Velocity','orders','delete',22,NULL,'{}','::1','Mozilla/5.0 (Windows NT 10.0; Win64; x64) AppleWebKit/537.36 (KHTML, like Gecko) Chrome/145.0.0.0 Safari/537.36','success',NULL,'2026-04-09 12:36:57'),(109,1,'Nguyễn Thị Lan','orders','create',NULL,NULL,'{\"customer_id\":5,\"warehouse_id\":1,\"group_id\":5,\"shipping_address\":\"333 nguyễn trường tộ\",\"carrier_service\":\"standard\",\"shipping_fee\":0,\"payment_method\":\"cash\",\"status\":\"pending\",\"discount\":0,\"note\":\"\",\"items\":[{\"product_id\":16,\"qty\":1,\"unit_price\":0,\"discount_rate\":0,\"discount_amount\":0,\"commission_rate\":10,\"commission_amount\":0,\"subtotal\":0}],\"source_type\":\"collaborator\",\"manager_salesperson_id\":2,\"collaborator_user_id\":1}','::1','Mozilla/5.0 (Windows NT 10.0; Win64; x64) AppleWebKit/537.36 (KHTML, like Gecko) Chrome/146.0.0.0 Safari/537.36','success',NULL,'2026-04-09 12:48:03'),(110,1,'Nguyễn Thị Lan','orders','update',NULL,NULL,'{\"customer_id\":5,\"warehouse_id\":1,\"group_id\":5,\"shipping_address\":\"333 nguyễn trường tộ\",\"carrier_service\":\"standard\",\"shipping_fee\":0,\"payment_method\":\"cash\",\"status\":\"pending\",\"discount\":0,\"note\":\"\",\"items\":[{\"product_id\":16,\"qty\":1,\"unit_price\":0,\"discount_rate\":0,\"discount_amount\":0,\"commission_rate\":10,\"commission_amount\":0,\"subtotal\":0}],\"source_type\":\"collaborator\",\"manager_salesperson_id\":2,\"collaborator_user_id\":1}','::1','Mozilla/5.0 (Windows NT 10.0; Win64; x64) AppleWebKit/537.36 (KHTML, like Gecko) Chrome/146.0.0.0 Safari/537.36','error','Lỗi server nội bộ: DEFAULT_LINE_COMMISSION_RATE is not defined','2026-04-09 12:48:05'),(111,1,'Nguyễn Thị Lan','orders','delete',27,NULL,'{}','::1','Mozilla/5.0 (Windows NT 10.0; Win64; x64) AppleWebKit/537.36 (KHTML, like Gecko) Chrome/146.0.0.0 Safari/537.36','success',NULL,'2026-04-09 12:49:40'),(112,1,'Nguyễn Thị Lan','orders','create',NULL,NULL,'{\"customer_id\":5,\"warehouse_id\":1,\"group_id\":6,\"shipping_address\":\"333 nguyễn trường tộ\",\"carrier_service\":\"standard\",\"shipping_fee\":0,\"payment_method\":\"cash\",\"status\":\"pending\",\"discount\":0,\"note\":\"\",\"items\":[{\"product_id\":38,\"qty\":1,\"unit_price\":100000,\"discount_rate\":0,\"discount_amount\":0,\"commission_rate\":10,\"commission_amount\":10000,\"subtotal\":100000}],\"source_type\":\"sales\"}','::1','Mozilla/5.0 (Windows NT 10.0; Win64; x64) AppleWebKit/537.36 (KHTML, like Gecko) Chrome/146.0.0.0 Safari/537.36','success',NULL,'2026-04-09 12:50:21'),(113,1,'Nguyễn Thị Lan','orders','update',28,NULL,'{\"customer_id\":5,\"warehouse_id\":1,\"group_id\":6,\"shipping_address\":\"333 nguyễn trường tộ\",\"carrier_service\":\"standard\",\"shipping_fee\":0,\"payment_method\":\"cash\",\"status\":\"pending\",\"discount\":0,\"note\":\"\",\"items\":[{\"product_id\":38,\"qty\":1,\"unit_price\":100000,\"discount_rate\":0,\"discount_amount\":0,\"commission_rate\":10,\"commission_amount\":10000,\"subtotal\":100000}],\"source_type\":\"sales\"}','::1','Mozilla/5.0 (Windows NT 10.0; Win64; x64) AppleWebKit/537.36 (KHTML, like Gecko) Chrome/146.0.0.0 Safari/537.36','success',NULL,'2026-04-09 12:50:24'),(114,1,'Nguyễn Thị Lan','orders','update',NULL,NULL,'{\"customer_id\":5,\"warehouse_id\":1,\"group_id\":5,\"shipping_address\":\"333 nguyễn trường tộ\",\"carrier_service\":\"standard\",\"shipping_fee\":0,\"payment_method\":\"cash\",\"status\":\"pending\",\"discount\":0,\"note\":\"\",\"items\":[{\"product_id\":38,\"qty\":1,\"unit_price\":100000,\"discount_rate\":0,\"discount_amount\":0,\"commission_rate\":10,\"commission_amount\":10000,\"subtotal\":100000}],\"source_type\":\"collaborator\",\"manager_salesperson_id\":2,\"collaborator_user_id\":1}','::1','Mozilla/5.0 (Windows NT 10.0; Win64; x64) AppleWebKit/537.36 (KHTML, like Gecko) Chrome/146.0.0.0 Safari/537.36','error','Lỗi server nội bộ: DEFAULT_LINE_COMMISSION_RATE is not defined','2026-04-09 12:50:47'),(115,1,'Nguyễn Thị Lan','orders','delete',28,NULL,'{}','::1','Mozilla/5.0 (Windows NT 10.0; Win64; x64) AppleWebKit/537.36 (KHTML, like Gecko) Chrome/146.0.0.0 Safari/537.36','success',NULL,'2026-04-09 12:53:29'),(116,1,'Nguyễn Thị Lan','orders','create',NULL,NULL,'{\"customer_id\":5,\"warehouse_id\":1,\"group_id\":6,\"shipping_address\":\"333 nguyễn trường tộ\",\"carrier_service\":\"standard\",\"shipping_fee\":0,\"payment_method\":\"cash\",\"status\":\"pending\",\"discount\":0,\"note\":\"\",\"items\":[{\"product_id\":27,\"qty\":1,\"unit_price\":0,\"discount_rate\":0,\"discount_amount\":0,\"commission_rate\":10,\"commission_amount\":0,\"subtotal\":0}],\"source_type\":\"sales\"}','::1','Mozilla/5.0 (Windows NT 10.0; Win64; x64) AppleWebKit/537.36 (KHTML, like Gecko) Chrome/146.0.0.0 Safari/537.36','success',NULL,'2026-04-09 12:53:54'),(117,1,'Nguyễn Thị Lan','orders','update',29,NULL,'{\"customer_id\":5,\"warehouse_id\":1,\"group_id\":6,\"shipping_address\":\"333 nguyễn trường tộ\",\"carrier_service\":\"standard\",\"shipping_fee\":0,\"payment_method\":\"cash\",\"status\":\"pending\",\"discount\":0,\"note\":\"\",\"items\":[{\"product_id\":27,\"qty\":1,\"unit_price\":0,\"discount_rate\":0,\"discount_amount\":0,\"commission_rate\":10,\"commission_amount\":0,\"subtotal\":0}],\"source_type\":\"sales\"}','::1','Mozilla/5.0 (Windows NT 10.0; Win64; x64) AppleWebKit/537.36 (KHTML, like Gecko) Chrome/146.0.0.0 Safari/537.36','success',NULL,'2026-04-09 12:54:03'),(118,1,'Nguyễn Thị Lan','orders','update',29,NULL,'{\"customer_id\":5,\"warehouse_id\":1,\"group_id\":5,\"shipping_address\":\"333 nguyễn trường tộ\",\"carrier_service\":\"standard\",\"shipping_fee\":0,\"payment_method\":\"cash\",\"status\":\"pending\",\"discount\":0,\"note\":\"\",\"items\":[{\"product_id\":27,\"qty\":1,\"unit_price\":0,\"discount_rate\":0,\"discount_amount\":0,\"commission_rate\":10,\"commission_amount\":0,\"subtotal\":0}],\"source_type\":\"sales\"}','::1','Mozilla/5.0 (Windows NT 10.0; Win64; x64) AppleWebKit/537.36 (KHTML, like Gecko) Chrome/146.0.0.0 Safari/537.36','success',NULL,'2026-04-09 12:54:19'),(119,1,'Nguyễn Thị Lan','orders','update',29,NULL,'{\"customer_id\":5,\"warehouse_id\":1,\"group_id\":5,\"shipping_address\":\"333 nguyễn trường tộ\",\"carrier_service\":\"standard\",\"shipping_fee\":0,\"payment_method\":\"cash\",\"status\":\"pending\",\"discount\":0,\"note\":\"\",\"items\":[{\"product_id\":27,\"qty\":1,\"unit_price\":10000,\"discount_rate\":0,\"discount_amount\":0,\"commission_rate\":10,\"commission_amount\":1000,\"subtotal\":10000}],\"source_type\":\"sales\"}','::1','Mozilla/5.0 (Windows NT 10.0; Win64; x64) AppleWebKit/537.36 (KHTML, like Gecko) Chrome/146.0.0.0 Safari/537.36','success',NULL,'2026-04-09 12:55:32'),(120,1,'Nguyễn Thị Lan','orders','update',29,NULL,'{\"customer_id\":5,\"warehouse_id\":1,\"group_id\":5,\"shipping_address\":\"333 nguyễn trường tộ\",\"carrier_service\":\"standard\",\"shipping_fee\":0,\"payment_method\":\"cash\",\"status\":\"pending\",\"discount\":0,\"note\":\"\",\"items\":[{\"product_id\":27,\"qty\":1,\"unit_price\":1000000,\"discount_rate\":0,\"discount_amount\":0,\"commission_rate\":10,\"commission_amount\":100000,\"subtotal\":1000000}],\"source_type\":\"sales\"}','::1','Mozilla/5.0 (Windows NT 10.0; Win64; x64) AppleWebKit/537.36 (KHTML, like Gecko) Chrome/146.0.0.0 Safari/537.36','success',NULL,'2026-04-09 12:55:54'),(121,1,'Nguyễn Thị Lan','orders','update',29,NULL,'{\"customer_id\":5,\"warehouse_id\":1,\"group_id\":4,\"shipping_address\":\"333 nguyễn trường tộ\",\"carrier_service\":\"standard\",\"shipping_fee\":0,\"payment_method\":\"cash\",\"status\":\"pending\",\"discount\":0,\"note\":\"\",\"items\":[{\"product_id\":27,\"qty\":1,\"unit_price\":1000000,\"discount_rate\":0,\"discount_amount\":0,\"commission_rate\":10,\"commission_amount\":100000,\"subtotal\":1000000}],\"source_type\":\"sales\"}','::1','Mozilla/5.0 (Windows NT 10.0; Win64; x64) AppleWebKit/537.36 (KHTML, like Gecko) Chrome/146.0.0.0 Safari/537.36','success',NULL,'2026-04-09 12:56:08'),(122,1,'Nguyễn Thị Lan','orders','update',29,NULL,'{\"customer_id\":5,\"warehouse_id\":1,\"group_id\":5,\"shipping_address\":\"333 nguyễn trường tộ\",\"carrier_service\":\"standard\",\"shipping_fee\":0,\"payment_method\":\"cash\",\"status\":\"pending\",\"discount\":0,\"note\":\"\",\"items\":[{\"product_id\":27,\"qty\":1,\"unit_price\":1000000,\"discount_rate\":0,\"discount_amount\":0,\"commission_rate\":10,\"commission_amount\":100000,\"subtotal\":1000000}],\"source_type\":\"sales\"}','::1','Mozilla/5.0 (Windows NT 10.0; Win64; x64) AppleWebKit/537.36 (KHTML, like Gecko) Chrome/146.0.0.0 Safari/537.36','success',NULL,'2026-04-09 12:56:26'),(123,2,'Trần Văn Minh','customers','create',NULL,NULL,'{\"name\":\"tèo thẹo\",\"phone\":\"09493339r93\",\"email\":\"\",\"address\":\"\",\"city\":\"\",\"district\":\"\",\"ward\":\"\",\"birthday\":\"\",\"tier\":\"new\",\"source\":\"\",\"assigned_employee_id\":null,\"note\":\"\"}','::ffff:127.0.0.1','Mozilla/5.0 (Windows NT 10.0; Win64; x64; rv:149.0) Gecko/20100101 Firefox/149.0','success',NULL,'2026-04-09 12:57:28'),(124,2,'Trần Văn Minh','customers','update',7,NULL,'{\"name\":\"tèo thẹo\",\"phone\":\"0949333993\",\"email\":\"\",\"address\":\"22\",\"city\":\"Tỉnh Tuyên Quang\",\"district\":\"Huyện Chiêm Hóa\",\"ward\":\"Xã Trung Hòa\",\"birthday\":\"1899-11-29\",\"tier\":\"new\",\"source\":\"\",\"assigned_employee_id\":null,\"note\":\"\"}','::ffff:127.0.0.1','Mozilla/5.0 (Windows NT 10.0; Win64; x64; rv:149.0) Gecko/20100101 Firefox/149.0','success',NULL,'2026-04-09 13:02:09'),(125,2,'Trần Văn Minh','orders','create',NULL,NULL,'{\"customer_id\":7,\"warehouse_id\":1,\"group_id\":5,\"shipping_address\":\"22\",\"carrier_service\":\"standard\",\"shipping_fee\":0,\"payment_method\":\"cash\",\"status\":\"pending\",\"discount\":0,\"note\":\"\",\"items\":[{\"product_id\":19,\"qty\":1,\"unit_price\":250000,\"discount_rate\":0,\"discount_amount\":0,\"commission_rate\":10,\"commission_amount\":25000,\"subtotal\":250000}],\"source_type\":\"sales\"}','::ffff:127.0.0.1','Mozilla/5.0 (Windows NT 10.0; Win64; x64; rv:149.0) Gecko/20100101 Firefox/149.0','success',NULL,'2026-04-09 13:02:48'),(126,2,'Trần Văn Minh','orders','update',30,NULL,'{\"customer_id\":7,\"warehouse_id\":1,\"group_id\":5,\"shipping_address\":\"22\",\"carrier_service\":\"standard\",\"shipping_fee\":0,\"payment_method\":\"cash\",\"status\":\"pending\",\"discount\":0,\"note\":\"\",\"items\":[{\"product_id\":19,\"qty\":1,\"unit_price\":250000,\"discount_rate\":0,\"discount_amount\":0,\"commission_rate\":10,\"commission_amount\":25000,\"subtotal\":250000}],\"source_type\":\"sales\"}','::ffff:127.0.0.1','Mozilla/5.0 (Windows NT 10.0; Win64; x64; rv:149.0) Gecko/20100101 Firefox/149.0','success',NULL,'2026-04-09 13:06:34'),(127,2,'Trần Văn Minh','orders','update',30,NULL,'{\"customer_id\":7,\"warehouse_id\":1,\"group_id\":5,\"shipping_address\":\"22\",\"carrier_service\":\"standard\",\"shipping_fee\":0,\"payment_method\":\"cash\",\"status\":\"pending\",\"discount\":0,\"note\":\"\",\"items\":[{\"product_id\":19,\"qty\":1,\"unit_price\":250000,\"discount_rate\":0,\"discount_amount\":0,\"commission_rate\":10,\"commission_amount\":25000,\"subtotal\":250000}],\"source_type\":\"sales\"}','::ffff:127.0.0.1','Mozilla/5.0 (Windows NT 10.0; Win64; x64; rv:149.0) Gecko/20100101 Firefox/149.0','success',NULL,'2026-04-09 13:07:38'),(128,2,'Trần Văn Minh','orders','update',30,NULL,'{\"customer_id\":7,\"warehouse_id\":1,\"group_id\":5,\"shipping_address\":\"22\",\"carrier_service\":\"standard\",\"shipping_fee\":0,\"payment_method\":\"cash\",\"status\":\"pending\",\"discount\":0,\"note\":\"\",\"items\":[{\"product_id\":19,\"qty\":1,\"unit_price\":250000,\"discount_rate\":0,\"discount_amount\":0,\"commission_rate\":10,\"commission_amount\":25000,\"subtotal\":250000}],\"source_type\":\"collaborator\",\"manager_salesperson_id\":1,\"collaborator_user_id\":2}','::ffff:127.0.0.1','Mozilla/5.0 (Windows NT 10.0; Win64; x64; rv:149.0) Gecko/20100101 Firefox/149.0','success',NULL,'2026-04-09 13:07:59'),(129,2,'Trần Văn Minh','orders','update',30,NULL,'{\"customer_id\":7,\"warehouse_id\":1,\"group_id\":5,\"shipping_address\":\"22\",\"carrier_service\":\"standard\",\"shipping_fee\":0,\"payment_method\":\"cash\",\"status\":\"pending\",\"discount\":0,\"note\":\"\",\"items\":[{\"product_id\":19,\"qty\":1,\"unit_price\":250000,\"discount_rate\":0,\"discount_amount\":0,\"commission_rate\":10,\"commission_amount\":25000,\"subtotal\":250000}],\"source_type\":\"collaborator\",\"manager_salesperson_id\":1,\"collaborator_user_id\":2}','::ffff:127.0.0.1','Mozilla/5.0 (Windows NT 10.0; Win64; x64; rv:149.0) Gecko/20100101 Firefox/149.0','success',NULL,'2026-04-09 13:09:31'),(130,2,'Trần Văn Minh','orders','update',30,NULL,'{\"customer_id\":7,\"warehouse_id\":1,\"group_id\":5,\"shipping_address\":\"22\",\"carrier_service\":\"standard\",\"shipping_fee\":0,\"payment_method\":\"cash\",\"status\":\"pending\",\"discount\":0,\"note\":\"\",\"items\":[{\"product_id\":19,\"qty\":1,\"unit_price\":250000,\"discount_rate\":0,\"discount_amount\":0,\"commission_rate\":10,\"commission_amount\":25000,\"subtotal\":250000}],\"source_type\":\"collaborator\",\"manager_salesperson_id\":1,\"collaborator_user_id\":2}','::ffff:127.0.0.1','Mozilla/5.0 (Windows NT 10.0; Win64; x64; rv:149.0) Gecko/20100101 Firefox/149.0','success',NULL,'2026-04-09 13:12:08'),(131,2,'Trần Văn Minh','orders','update',30,NULL,'{\"customer_id\":7,\"warehouse_id\":1,\"group_id\":5,\"shipping_address\":\"22\",\"carrier_service\":\"standard\",\"shipping_fee\":0,\"payment_method\":\"cash\",\"status\":\"pending\",\"discount\":0,\"note\":\"\",\"items\":[{\"product_id\":19,\"qty\":1,\"unit_price\":250000,\"discount_rate\":0,\"discount_amount\":0,\"commission_rate\":10,\"commission_amount\":25000,\"subtotal\":250000}],\"source_type\":\"collaborator\",\"manager_salesperson_id\":1,\"collaborator_user_id\":2}','::ffff:127.0.0.1','Mozilla/5.0 (Windows NT 10.0; Win64; x64; rv:149.0) Gecko/20100101 Firefox/149.0','success',NULL,'2026-04-09 13:18:51'),(132,1,'Nguyễn Thị Lan','orders','delete',30,NULL,'{}','::1','Mozilla/5.0 (Windows NT 10.0; Win64; x64) AppleWebKit/537.36 (KHTML, like Gecko) Chrome/146.0.0.0 Safari/537.36','success',NULL,'2026-04-09 13:19:05'),(133,1,'Nguyễn Thị Lan','orders','delete',29,NULL,'{}','::1','Mozilla/5.0 (Windows NT 10.0; Win64; x64) AppleWebKit/537.36 (KHTML, like Gecko) Chrome/146.0.0.0 Safari/537.36','success',NULL,'2026-04-09 13:19:08'),(134,3,'Admin Velocity','products','update',119,NULL,'{\"is_active\":0}','::1','Mozilla/5.0 (Windows NT 10.0; Win64; x64) AppleWebKit/537.36 (KHTML, like Gecko) Chrome/145.0.0.0 Safari/537.36','success',NULL,'2026-04-09 13:22:36'),(135,3,'Admin Velocity','products','create',NULL,NULL,'{\"name\":\"hộp quà tết M08\",\"sku\":\"SKU-20260409-0001\",\"category_id\":1,\"unit\":\"Cái\",\"price\":5000,\"cost_price\":0,\"stock_qty\":1000,\"weight\":0,\"description\":\"hộp quà tết\",\"images\":[\"/uploads/1775715767006-839339782.jpg\"]}','::1','Mozilla/5.0 (Windows NT 10.0; Win64; x64) AppleWebKit/537.36 (KHTML, like Gecko) Chrome/145.0.0.0 Safari/537.36','success',NULL,'2026-04-09 13:23:19'),(136,3,'Admin Velocity','products','update',121,NULL,'{\"name\":\"hộp quà tết M08\",\"sku\":\"SKU-20260409-0001\",\"category_id\":1,\"unit\":\"Cái\",\"price\":50000,\"cost_price\":0,\"stock_qty\":1000,\"weight\":0,\"description\":\"hộp quà tết\",\"images\":[\"/uploads/1775715767006-839339782.jpg\"]}','::1','Mozilla/5.0 (Windows NT 10.0; Win64; x64) AppleWebKit/537.36 (KHTML, like Gecko) Chrome/145.0.0.0 Safari/537.36','success',NULL,'2026-04-09 13:23:53'),(137,3,'Admin Velocity','products','update',121,NULL,'{\"name\":\"hộp quà tết M08\",\"sku\":\"SKU-20260409-0001\",\"category_id\":1,\"unit\":\"Cái\",\"price\":50000,\"cost_price\":0,\"stock_qty\":100,\"weight\":0,\"description\":\"hộp quà tết\",\"images\":[\"/uploads/1775715767006-839339782.jpg\"]}','::1','Mozilla/5.0 (Windows NT 10.0; Win64; x64) AppleWebKit/537.36 (KHTML, like Gecko) Chrome/145.0.0.0 Safari/537.36','success',NULL,'2026-04-09 13:24:59'),(138,3,'Admin Velocity','products','update',121,NULL,'{\"name\":\"hộp quà tết M08\",\"sku\":\"SKU-20260409-0001\",\"category_id\":1,\"unit\":\"Cái\",\"price\":50000,\"cost_price\":0,\"stock_qty\":100,\"weight\":0,\"description\":\"hộp quà tết\",\"images\":[\"/uploads/1775715767006-839339782.jpg\"]}','::1','Mozilla/5.0 (Windows NT 10.0; Win64; x64) AppleWebKit/537.36 (KHTML, like Gecko) Chrome/145.0.0.0 Safari/537.36','success',NULL,'2026-04-09 13:25:32'),(139,3,'Admin Velocity','products','update',NULL,NULL,'{\"is_active\":0}','::1','Mozilla/5.0 (Windows NT 10.0; Win64; x64) AppleWebKit/537.36 (KHTML, like Gecko) Chrome/145.0.0.0 Safari/537.36','error','Dữ liệu đã tồn tại','2026-04-09 13:27:32'),(140,3,'Admin Velocity','products','update',NULL,NULL,'{\"is_active\":0}','::1','Mozilla/5.0 (Windows NT 10.0; Win64; x64) AppleWebKit/537.36 (KHTML, like Gecko) Chrome/145.0.0.0 Safari/537.36','error','Dữ liệu đã tồn tại','2026-04-09 13:27:43'),(141,1,'Nguyễn Thị Lan','orders','create',NULL,NULL,'{\"customer_id\":6,\"warehouse_id\":1,\"group_id\":5,\"shipping_address\":\"222 nguyễn văn , Xã Châu Minh, Huyện Hiệp Hòa, Tỉnh Bắc Giang\",\"carrier_service\":\"standard\",\"shipping_fee\":0,\"payment_method\":\"cash\",\"status\":\"pending\",\"discount\":0,\"note\":\"\",\"items\":[{\"product_id\":121,\"qty\":10,\"unit_price\":50000,\"discount_rate\":0,\"discount_amount\":0,\"commission_rate\":10,\"commission_amount\":50000,\"subtotal\":500000}],\"source_type\":\"collaborator\",\"manager_salesperson_id\":2,\"collaborator_user_id\":1}','::1','Mozilla/5.0 (Windows NT 10.0; Win64; x64) AppleWebKit/537.36 (KHTML, like Gecko) Chrome/146.0.0.0 Safari/537.36','success',NULL,'2026-04-09 13:53:14'),(142,1,'Nguyễn Thị Lan','orders','update',31,NULL,'{\"customer_id\":6,\"warehouse_id\":1,\"group_id\":5,\"shipping_address\":\"222 nguyễn văn , Xã Châu Minh, Huyện Hiệp Hòa, Tỉnh Bắc Giang\",\"carrier_service\":\"standard\",\"shipping_fee\":0,\"payment_method\":\"cash\",\"status\":\"pending\",\"discount\":0,\"note\":\"\",\"items\":[{\"product_id\":121,\"qty\":10,\"unit_price\":50000,\"discount_rate\":0,\"discount_amount\":0,\"commission_rate\":10,\"commission_amount\":50000,\"subtotal\":500000}],\"source_type\":\"collaborator\",\"manager_salesperson_id\":2,\"collaborator_user_id\":1}','::1','Mozilla/5.0 (Windows NT 10.0; Win64; x64) AppleWebKit/537.36 (KHTML, like Gecko) Chrome/146.0.0.0 Safari/537.36','success',NULL,'2026-04-09 13:53:18'),(143,1,'Nguyễn Thị Lan','orders','update',31,NULL,'{\"customer_id\":6,\"warehouse_id\":1,\"group_id\":5,\"shipping_address\":\"222 nguyễn văn , Xã Châu Minh, Huyện Hiệp Hòa, Tỉnh Bắc Giang\",\"carrier_service\":\"standard\",\"shipping_fee\":0,\"payment_method\":\"cash\",\"status\":\"pending\",\"discount\":0,\"note\":\"\",\"items\":[{\"product_id\":121,\"qty\":10,\"unit_price\":50000,\"discount_rate\":0,\"discount_amount\":0,\"commission_rate\":10,\"commission_amount\":50000,\"subtotal\":500000}],\"source_type\":\"collaborator\",\"manager_salesperson_id\":2,\"collaborator_user_id\":1}','::1','Mozilla/5.0 (Windows NT 10.0; Win64; x64) AppleWebKit/537.36 (KHTML, like Gecko) Chrome/146.0.0.0 Safari/537.36','success',NULL,'2026-04-09 13:54:09'),(144,1,'Nguyễn Thị Lan','orders','delete',31,NULL,'{}','::1','Mozilla/5.0 (Windows NT 10.0; Win64; x64) AppleWebKit/537.36 (KHTML, like Gecko) Chrome/146.0.0.0 Safari/537.36','success',NULL,'2026-04-09 13:57:27'),(145,1,'Nguyễn Thị Lan','orders','create',NULL,NULL,'{\"customer_id\":5,\"warehouse_id\":1,\"group_id\":5,\"shipping_address\":\"333 nguyễn trường tộ\",\"carrier_service\":\"standard\",\"shipping_fee\":0,\"payment_method\":\"cash\",\"status\":\"pending\",\"discount\":0,\"note\":\"\",\"items\":[{\"product_id\":121,\"qty\":10,\"unit_price\":50000,\"discount_rate\":0,\"discount_amount\":0,\"commission_rate\":10,\"commission_amount\":50000,\"subtotal\":500000}],\"source_type\":\"sales\"}','::1','Mozilla/5.0 (Windows NT 10.0; Win64; x64) AppleWebKit/537.36 (KHTML, like Gecko) Chrome/146.0.0.0 Safari/537.36','success',NULL,'2026-04-09 13:58:23'),(146,1,'Nguyễn Thị Lan','orders','update',32,NULL,'{\"customer_id\":5,\"warehouse_id\":1,\"group_id\":5,\"shipping_address\":\"333 nguyễn trường tộ\",\"carrier_service\":\"standard\",\"shipping_fee\":0,\"payment_method\":\"cash\",\"status\":\"pending\",\"discount\":0,\"note\":\"\",\"items\":[{\"product_id\":121,\"qty\":10,\"unit_price\":50000,\"discount_rate\":0,\"discount_amount\":0,\"commission_rate\":10,\"commission_amount\":50000,\"subtotal\":500000}],\"source_type\":\"sales\"}','::1','Mozilla/5.0 (Windows NT 10.0; Win64; x64) AppleWebKit/537.36 (KHTML, like Gecko) Chrome/146.0.0.0 Safari/537.36','success',NULL,'2026-04-09 13:58:24'),(147,1,'Nguyễn Thị Lan','orders','update',32,NULL,'{\"customer_id\":5,\"warehouse_id\":1,\"group_id\":5,\"shipping_address\":\"333 nguyễn trường tộ\",\"carrier_service\":\"standard\",\"shipping_fee\":0,\"payment_method\":\"cash\",\"status\":\"pending\",\"discount\":0,\"note\":\"\",\"items\":[{\"product_id\":121,\"qty\":10,\"unit_price\":50000,\"discount_rate\":0,\"discount_amount\":0,\"commission_rate\":10,\"commission_amount\":50000,\"subtotal\":500000}],\"source_type\":\"collaborator\",\"manager_salesperson_id\":2,\"collaborator_user_id\":1}','::1','Mozilla/5.0 (Windows NT 10.0; Win64; x64) AppleWebKit/537.36 (KHTML, like Gecko) Chrome/146.0.0.0 Safari/537.36','success',NULL,'2026-04-09 13:58:50'),(148,1,'Nguyễn Thị Lan','orders','update',32,NULL,'{\"customer_id\":5,\"warehouse_id\":1,\"group_id\":5,\"shipping_address\":\"333 nguyễn trường tộ\",\"carrier_service\":\"standard\",\"shipping_fee\":0,\"payment_method\":\"cash\",\"status\":\"pending\",\"discount\":0,\"note\":\"\",\"items\":[{\"product_id\":121,\"qty\":10,\"unit_price\":50000,\"discount_rate\":0,\"discount_amount\":0,\"commission_rate\":10,\"commission_amount\":50000,\"subtotal\":500000}],\"source_type\":\"sales\"}','::1','Mozilla/5.0 (Windows NT 10.0; Win64; x64) AppleWebKit/537.36 (KHTML, like Gecko) Chrome/146.0.0.0 Safari/537.36','success',NULL,'2026-04-09 14:22:57'),(149,1,'Nguyễn Thị Lan','orders','update',32,NULL,'{\"customer_id\":5,\"warehouse_id\":1,\"group_id\":6,\"shipping_address\":\"333 nguyễn trường tộ\",\"carrier_service\":\"standard\",\"shipping_fee\":0,\"payment_method\":\"cash\",\"status\":\"pending\",\"discount\":0,\"note\":\"\",\"items\":[{\"product_id\":121,\"qty\":10,\"unit_price\":50000,\"discount_rate\":0,\"discount_amount\":0,\"commission_rate\":10,\"commission_amount\":50000,\"subtotal\":500000}],\"source_type\":\"sales\"}','::1','Mozilla/5.0 (Windows NT 10.0; Win64; x64) AppleWebKit/537.36 (KHTML, like Gecko) Chrome/146.0.0.0 Safari/537.36','success',NULL,'2026-04-09 14:23:15'),(150,1,'Nguyễn Thị Lan','orders','update',32,NULL,'{\"customer_id\":5,\"warehouse_id\":1,\"group_id\":5,\"shipping_address\":\"333 nguyễn trường tộ\",\"carrier_service\":\"standard\",\"shipping_fee\":0,\"payment_method\":\"cash\",\"status\":\"pending\",\"discount\":0,\"note\":\"\",\"items\":[{\"product_id\":121,\"qty\":10,\"unit_price\":50000,\"discount_rate\":0,\"discount_amount\":0,\"commission_rate\":10,\"commission_amount\":50000,\"subtotal\":500000}],\"source_type\":\"collaborator\",\"manager_salesperson_id\":2}','::1','Mozilla/5.0 (Windows NT 10.0; Win64; x64) AppleWebKit/537.36 (KHTML, like Gecko) Chrome/146.0.0.0 Safari/537.36','success',NULL,'2026-04-09 14:23:34'),(151,2,'Trần Văn Minh','orders','create',NULL,NULL,'{\"customer_id\":7,\"warehouse_id\":1,\"group_id\":5,\"shipping_address\":\"22\",\"carrier_service\":\"standard\",\"shipping_fee\":0,\"payment_method\":\"cash\",\"status\":\"pending\",\"discount\":0,\"note\":\"\",\"items\":[{\"product_id\":121,\"qty\":10,\"unit_price\":50000,\"discount_rate\":0,\"discount_amount\":0,\"commission_rate\":10,\"commission_amount\":50000,\"subtotal\":500000}],\"source_type\":\"collaborator\",\"manager_salesperson_id\":1}','::ffff:127.0.0.1','Mozilla/5.0 (Windows NT 10.0; Win64; x64; rv:149.0) Gecko/20100101 Firefox/149.0','success',NULL,'2026-04-09 14:24:07'),(152,2,'Trần Văn Minh','orders','update',33,NULL,'{\"customer_id\":7,\"warehouse_id\":1,\"group_id\":5,\"shipping_address\":\"22\",\"carrier_service\":\"standard\",\"shipping_fee\":0,\"payment_method\":\"cash\",\"status\":\"pending\",\"discount\":0,\"note\":\"\",\"items\":[{\"product_id\":121,\"qty\":10,\"unit_price\":50000,\"discount_rate\":0,\"discount_amount\":0,\"commission_rate\":10,\"commission_amount\":50000,\"subtotal\":500000}],\"source_type\":\"collaborator\",\"manager_salesperson_id\":1}','::ffff:127.0.0.1','Mozilla/5.0 (Windows NT 10.0; Win64; x64; rv:149.0) Gecko/20100101 Firefox/149.0','success',NULL,'2026-04-09 14:24:27'),(153,1,'Nguyễn Thị Lan','orders','create',NULL,NULL,'{\"customer_id\":4,\"warehouse_id\":1,\"group_id\":5,\"shipping_address\":\"22 h3 dn8\",\"carrier_service\":\"standard\",\"shipping_fee\":0,\"payment_method\":\"cash\",\"status\":\"pending\",\"discount\":0,\"note\":\"\",\"items\":[{\"product_id\":5,\"qty\":1,\"unit_price\":3500000,\"discount_rate\":0,\"discount_amount\":0,\"commission_rate\":7,\"commission_amount\":245000,\"subtotal\":3500000},{\"product_id\":121,\"qty\":15,\"unit_price\":50000,\"discount_rate\":0,\"discount_amount\":0,\"commission_rate\":10,\"commission_amount\":75000,\"subtotal\":750000},{\"product_id\":33,\"qty\":1,\"unit_price\":4400000,\"discount_rate\":0,\"discount_amount\":0,\"commission_rate\":10,\"commission_amount\":440000,\"subtotal\":4400000}],\"source_type\":\"collaborator\",\"manager_salesperson_id\":2}','::1','Mozilla/5.0 (Windows NT 10.0; Win64; x64) AppleWebKit/537.36 (KHTML, like Gecko) Chrome/146.0.0.0 Safari/537.36','success',NULL,'2026-04-09 14:28:12'),(154,1,'Nguyễn Thị Lan','orders','update',34,NULL,'{\"customer_id\":4,\"warehouse_id\":1,\"group_id\":5,\"shipping_address\":\"22 h3 dn8\",\"carrier_service\":\"standard\",\"shipping_fee\":0,\"payment_method\":\"cash\",\"status\":\"pending\",\"discount\":0,\"note\":\"\",\"items\":[{\"product_id\":5,\"qty\":1,\"unit_price\":3500000,\"discount_rate\":0,\"discount_amount\":0,\"commission_rate\":7,\"commission_amount\":245000,\"subtotal\":3500000},{\"product_id\":121,\"qty\":15,\"unit_price\":50000,\"discount_rate\":0,\"discount_amount\":0,\"commission_rate\":10,\"commission_amount\":75000,\"subtotal\":750000},{\"product_id\":33,\"qty\":1,\"unit_price\":4400000,\"discount_rate\":0,\"discount_amount\":0,\"commission_rate\":10,\"commission_amount\":440000,\"subtotal\":4400000}],\"source_type\":\"collaborator\",\"manager_salesperson_id\":2}','::1','Mozilla/5.0 (Windows NT 10.0; Win64; x64) AppleWebKit/537.36 (KHTML, like Gecko) Chrome/146.0.0.0 Safari/537.36','success',NULL,'2026-04-09 14:28:14'),(155,1,'Nguyễn Thị Lan','orders','update',34,NULL,'{\"customer_id\":4,\"warehouse_id\":1,\"group_id\":5,\"shipping_address\":\"22 h3 dn8\",\"carrier_service\":\"standard\",\"shipping_fee\":0,\"payment_method\":\"cash\",\"status\":\"pending\",\"discount\":0,\"note\":\"\",\"items\":[{\"product_id\":5,\"qty\":1,\"unit_price\":3500000,\"discount_rate\":0,\"discount_amount\":0,\"commission_rate\":7,\"commission_amount\":245000,\"subtotal\":3500000},{\"product_id\":121,\"qty\":15,\"unit_price\":50000,\"discount_rate\":0,\"discount_amount\":0,\"commission_rate\":10,\"commission_amount\":75000,\"subtotal\":750000},{\"product_id\":33,\"qty\":1,\"unit_price\":4400000,\"discount_rate\":0,\"discount_amount\":0,\"commission_rate\":10,\"commission_amount\":440000,\"subtotal\":4400000}],\"source_type\":\"collaborator\",\"manager_salesperson_id\":2}','::1','Mozilla/5.0 (Windows NT 10.0; Win64; x64) AppleWebKit/537.36 (KHTML, like Gecko) Chrome/146.0.0.0 Safari/537.36','success',NULL,'2026-04-09 14:28:29'),(156,2,'Trần Văn Minh','orders','update',33,NULL,'{\"customer_id\":7,\"warehouse_id\":1,\"group_id\":5,\"shipping_address\":\"22\",\"carrier_service\":\"standard\",\"shipping_fee\":0,\"payment_method\":\"cash\",\"status\":\"pending\",\"discount\":0,\"note\":\"\",\"items\":[{\"product_id\":121,\"qty\":10,\"unit_price\":50000,\"discount_rate\":0,\"discount_amount\":0,\"commission_rate\":10,\"commission_amount\":50000,\"subtotal\":500000}],\"source_type\":\"sales\"}','::ffff:127.0.0.1','Mozilla/5.0 (Windows NT 10.0; Win64; x64; rv:149.0) Gecko/20100101 Firefox/149.0','success',NULL,'2026-04-09 14:31:18'),(157,1,'Nguyễn Thị Lan','orders','update',32,NULL,'{\"customer_id\":5,\"warehouse_id\":1,\"group_id\":5,\"shipping_address\":\"333 nguyễn trường tộ\",\"carrier_service\":\"standard\",\"shipping_fee\":0,\"payment_method\":\"cash\",\"status\":\"pending\",\"discount\":0,\"note\":\"\",\"items\":[{\"product_id\":121,\"qty\":10,\"unit_price\":50000,\"discount_rate\":0,\"discount_amount\":0,\"commission_rate\":10,\"commission_amount\":50000,\"subtotal\":500000}],\"source_type\":\"sales\"}','::1','Mozilla/5.0 (Windows NT 10.0; Win64; x64) AppleWebKit/537.36 (KHTML, like Gecko) Chrome/146.0.0.0 Safari/537.36','success',NULL,'2026-04-09 14:32:23'),(158,1,'Nguyễn Thị Lan','orders','update',32,NULL,'{\"customer_id\":5,\"warehouse_id\":1,\"group_id\":5,\"shipping_address\":\"333 nguyễn trường tộ\",\"carrier_service\":\"standard\",\"shipping_fee\":0,\"payment_method\":\"cash\",\"status\":\"pending\",\"discount\":0,\"note\":\"\",\"items\":[{\"product_id\":121,\"qty\":10,\"unit_price\":50000,\"discount_rate\":0,\"discount_amount\":0,\"commission_rate\":10,\"commission_amount\":50000,\"subtotal\":500000}],\"source_type\":\"collaborator\",\"manager_salesperson_id\":2}','::1','Mozilla/5.0 (Windows NT 10.0; Win64; x64) AppleWebKit/537.36 (KHTML, like Gecko) Chrome/146.0.0.0 Safari/537.36','success',NULL,'2026-04-09 14:43:25'),(159,2,'Trần Văn Minh','orders','create',NULL,NULL,'{\"customer_id\":7,\"warehouse_id\":1,\"group_id\":5,\"shipping_address\":\"22\",\"carrier_service\":\"standard\",\"shipping_fee\":0,\"payment_method\":\"cash\",\"status\":\"pending\",\"discount\":0,\"note\":\"\",\"items\":[{\"product_id\":121,\"qty\":100,\"unit_price\":50000,\"discount_rate\":0,\"discount_amount\":0,\"commission_rate\":10,\"commission_amount\":500000,\"subtotal\":5000000},{\"product_id\":6,\"qty\":1,\"unit_price\":150000,\"discount_rate\":0,\"discount_amount\":0,\"commission_rate\":10,\"commission_amount\":15000,\"subtotal\":150000}],\"source_type\":\"collaborator\",\"manager_salesperson_id\":1}','::ffff:127.0.0.1','Mozilla/5.0 (Windows NT 10.0; Win64; x64; rv:149.0) Gecko/20100101 Firefox/149.0','success',NULL,'2026-04-09 14:47:44'),(160,2,'Trần Văn Minh','orders','update',35,NULL,'{\"customer_id\":7,\"warehouse_id\":1,\"group_id\":5,\"shipping_address\":\"22\",\"carrier_service\":\"standard\",\"shipping_fee\":0,\"payment_method\":\"cash\",\"status\":\"pending\",\"discount\":0,\"note\":\"\",\"items\":[{\"product_id\":121,\"qty\":100,\"unit_price\":50000,\"discount_rate\":0,\"discount_amount\":0,\"commission_rate\":10,\"commission_amount\":500000,\"subtotal\":5000000},{\"product_id\":6,\"qty\":1,\"unit_price\":150000,\"discount_rate\":0,\"discount_amount\":0,\"commission_rate\":10,\"commission_amount\":15000,\"subtotal\":150000}],\"source_type\":\"collaborator\",\"manager_salesperson_id\":1}','::ffff:127.0.0.1','Mozilla/5.0 (Windows NT 10.0; Win64; x64; rv:149.0) Gecko/20100101 Firefox/149.0','success',NULL,'2026-04-09 14:47:47'),(161,3,'Admin Velocity','employees','update',98,NULL,'{\"full_name\":\"LÊ THỊ NGOAN\",\"username\":\"ngoanlethi242-sheki\",\"email\":\"ngoanlethi242-sheki@gmail.com\",\"phone\":\"\",\"role_id\":2,\"department\":\"Kinh doanh\",\"position\":\"Nhân viên\",\"commission_rate\":\"10.00\",\"salary\":\"0.00\",\"join_date\":\"\",\"address\":\"\",\"city\":\"\",\"is_active\":1}','::1','Mozilla/5.0 (Windows NT 10.0; Win64; x64) AppleWebKit/537.36 (KHTML, like Gecko) Chrome/145.0.0.0 Safari/537.36','success',NULL,'2026-04-09 15:09:01'),(162,3,'Admin Velocity','employees','update',2,NULL,'{\"full_name\":\"Trần Văn Minh\",\"username\":\"minh.sales@velocity.vn\",\"email\":\"minh.sales@velocity.vn\",\"phone\":\"0987654321\",\"role_id\":2,\"department\":\"\",\"position\":\"\",\"commission_rate\":\"5.00\",\"salary\":\"0.00\",\"join_date\":\"1899-11-27\",\"address\":\"\",\"city\":\"\",\"is_active\":1}','::1','Mozilla/5.0 (Windows NT 10.0; Win64; x64) AppleWebKit/537.36 (KHTML, like Gecko) Chrome/145.0.0.0 Safari/537.36','error','Tên đăng nhập: 3–32 ký tự, bắt đầu bằng chữ/số; cho phép . _ -','2026-04-09 15:09:20'),(163,3,'Admin Velocity','employees','update',2,NULL,'{\"full_name\":\"Trần Văn Minh\",\"username\":\"minh.sales@velocity.vn\",\"email\":\"minh.sales@velocity.vn\",\"phone\":\"0987654321\",\"role_id\":2,\"department\":\"\",\"position\":\"\",\"commission_rate\":\"5.00\",\"salary\":\"0.00\",\"join_date\":\"1899-11-27\",\"address\":\"\",\"city\":\"\",\"is_active\":1}','::1','Mozilla/5.0 (Windows NT 10.0; Win64; x64) AppleWebKit/537.36 (KHTML, like Gecko) Chrome/145.0.0.0 Safari/537.36','success',NULL,'2026-04-09 15:09:55'),(164,3,'Admin Velocity','employees','update',1,NULL,'{\"full_name\":\"Nguyễn Thị Lan\",\"username\":\"lan.sales@velocity.vn\",\"email\":\"lan.sales@velocity.vn\",\"password\":\"sales123\",\"phone\":\"0912345678\",\"role_id\":2,\"department\":\"\",\"position\":\"\",\"commission_rate\":\"5.00\",\"salary\":\"0.00\",\"join_date\":\"1899-11-24\",\"address\":\"\",\"city\":\"\",\"is_active\":1}','::1','Mozilla/5.0 (Windows NT 10.0; Win64; x64) AppleWebKit/537.36 (KHTML, like Gecko) Chrome/145.0.0.0 Safari/537.36','success',NULL,'2026-04-09 15:10:57'),(165,3,'Admin Velocity','employees','update',1,NULL,'{\"full_name\":\"Nguyễn Thị Lan\",\"username\":\"lan.sales@velocity.vn\",\"email\":\"lan.sales@velocity.vn\",\"password\":\"abc123\",\"phone\":\"0912345678\",\"role_id\":2,\"department\":\"\",\"position\":\"\",\"commission_rate\":\"5.00\",\"salary\":\"0.00\",\"join_date\":\"1899-11-23\",\"address\":\"\",\"city\":\"\",\"is_active\":1}','::1','Mozilla/5.0 (Windows NT 10.0; Win64; x64) AppleWebKit/537.36 (KHTML, like Gecko) Chrome/145.0.0.0 Safari/537.36','success',NULL,'2026-04-10 17:59:45'),(166,3,'Admin Velocity','employees','update',100,NULL,'{\"full_name\":\"PHAN THANH THẢO\",\"username\":\"thanhthaodhs-sheki\",\"email\":\"thanhthaodhs-sheki@gmail.com\",\"phone\":\"\",\"role_id\":2,\"department\":\"Kinh doanh\",\"position\":\"Nhân viên\",\"commission_rate\":\"10.00\",\"salary\":\"0.00\",\"join_date\":\"\",\"address\":\"\",\"city\":\"\",\"is_active\":1}','::1','Mozilla/5.0 (Windows NT 10.0; Win64; x64) AppleWebKit/537.36 (KHTML, like Gecko) Chrome/145.0.0.0 Safari/537.36','success',NULL,'2026-04-10 20:06:32'),(167,3,'Admin Velocity','employees','update',100,NULL,'{\"full_name\":\"PHAN THANH THẢO\",\"username\":\"thanhthaodhs-sheki\",\"email\":\"thanhthaodhs-sheki@gmail.com\",\"phone\":\"\",\"role_id\":2,\"department\":\"Kinh doanh\",\"position\":\"Nhân viên\",\"commission_rate\":\"10.00\",\"salary\":\"0.00\",\"join_date\":\"1899-11-29\",\"address\":\"\",\"city\":\"\",\"is_active\":1}','::1','Mozilla/5.0 (Windows NT 10.0; Win64; x64) AppleWebKit/537.36 (KHTML, like Gecko) Chrome/145.0.0.0 Safari/537.36','success',NULL,'2026-04-10 20:07:02'),(168,1,'Nguyễn Thị Lan','orders','create',NULL,NULL,'{\"customer_id\":5,\"warehouse_id\":1,\"group_id\":6,\"shipping_address\":\"333 nguyễn trường tộ\",\"carrier_service\":\"standard\",\"shipping_fee\":0,\"payment_method\":\"cash\",\"status\":\"pending\",\"discount\":0,\"note\":\"\",\"items\":[{\"product_id\":121,\"qty\":2,\"unit_price\":50000,\"discount_rate\":0,\"discount_amount\":0,\"commission_rate\":10,\"commission_amount\":10000,\"subtotal\":100000},{\"product_id\":27,\"qty\":1,\"unit_price\":1000,\"discount_rate\":0,\"discount_amount\":0,\"commission_rate\":10,\"commission_amount\":100,\"subtotal\":1000}],\"source_type\":\"collaborator\",\"manager_salesperson_id\":2}','::1','Mozilla/5.0 (iPhone; CPU iPhone OS 18_7 like Mac OS X) AppleWebKit/605.1.15 (KHTML, like Gecko) Version/26.3 Mobile/15E148 Safari/604.1','success',NULL,'2026-04-10 20:35:40'),(169,1,'Nguyễn Thị Lan','orders','update',36,NULL,'{\"customer_id\":5,\"warehouse_id\":1,\"group_id\":6,\"shipping_address\":\"333 nguyễn trường tộ\",\"carrier_service\":\"standard\",\"shipping_fee\":0,\"payment_method\":\"cash\",\"status\":\"pending\",\"discount\":0,\"note\":\"\",\"items\":[{\"product_id\":121,\"qty\":2,\"unit_price\":50000,\"discount_rate\":0,\"discount_amount\":0,\"commission_rate\":10,\"commission_amount\":10000,\"subtotal\":100000},{\"product_id\":27,\"qty\":1,\"unit_price\":1000,\"discount_rate\":0,\"discount_amount\":0,\"commission_rate\":10,\"commission_amount\":100,\"subtotal\":1000}],\"source_type\":\"collaborator\",\"manager_salesperson_id\":2}','::1','Mozilla/5.0 (iPhone; CPU iPhone OS 18_7 like Mac OS X) AppleWebKit/605.1.15 (KHTML, like Gecko) Version/26.3 Mobile/15E148 Safari/604.1','success',NULL,'2026-04-10 20:35:42'),(170,1,'Nguyễn Thị Lan','orders','create',NULL,NULL,'{\"customer_id\":5,\"warehouse_id\":1,\"group_id\":6,\"shipping_address\":\"333 nguyễn trường tộ\",\"carrier_service\":\"standard\",\"shipping_fee\":0,\"payment_method\":\"cash\",\"status\":\"pending\",\"discount\":0,\"note\":\"\",\"items\":[{\"product_id\":121,\"qty\":1,\"unit_price\":50000,\"discount_rate\":0,\"discount_amount\":0,\"commission_rate\":10,\"commission_amount\":5000,\"subtotal\":50000}],\"source_type\":\"collaborator\",\"manager_salesperson_id\":2}','::1','Mozilla/5.0 (iPhone; CPU iPhone OS 18_7 like Mac OS X) AppleWebKit/605.1.15 (KHTML, like Gecko) Version/26.3 Mobile/15E148 Safari/604.1','success',NULL,'2026-04-10 20:52:50'),(171,1,'Nguyễn Thị Lan','orders','update',37,NULL,'{\"customer_id\":5,\"warehouse_id\":1,\"group_id\":6,\"shipping_address\":\"333 nguyễn trường tộ\",\"carrier_service\":\"standard\",\"shipping_fee\":0,\"payment_method\":\"cash\",\"status\":\"pending\",\"discount\":0,\"note\":\"\",\"items\":[{\"product_id\":121,\"qty\":1,\"unit_price\":50000,\"discount_rate\":0,\"discount_amount\":0,\"commission_rate\":10,\"commission_amount\":5000,\"subtotal\":50000}],\"source_type\":\"collaborator\",\"manager_salesperson_id\":2}','::1','Mozilla/5.0 (iPhone; CPU iPhone OS 18_7 like Mac OS X) AppleWebKit/605.1.15 (KHTML, like Gecko) Version/26.3 Mobile/15E148 Safari/604.1','success',NULL,'2026-04-10 20:52:53'),(172,1,'Nguyễn Thị Lan','orders','create',NULL,NULL,'{\"customer_id\":5,\"warehouse_id\":1,\"group_id\":6,\"shipping_address\":\"333 nguyễn trường tộ\",\"carrier_service\":\"standard\",\"shipping_fee\":0,\"payment_method\":\"cash\",\"status\":\"pending\",\"discount\":0,\"note\":\"Abc xỹ\",\"items\":[{\"product_id\":5,\"qty\":1,\"unit_price\":3500000,\"discount_rate\":0,\"discount_amount\":0,\"commission_rate\":10,\"commission_amount\":350000,\"subtotal\":3500000}],\"source_type\":\"collaborator\",\"manager_salesperson_id\":2}','::1','Mozilla/5.0 (iPhone; CPU iPhone OS 18_7 like Mac OS X) AppleWebKit/605.1.15 (KHTML, like Gecko) Version/26.3 Mobile/15E148 Safari/604.1','success',NULL,'2026-04-10 21:03:12'),(173,1,'Nguyễn Thị Lan','orders','update',38,NULL,'{\"customer_id\":5,\"warehouse_id\":1,\"group_id\":6,\"shipping_address\":\"333 nguyễn trường tộ\",\"carrier_service\":\"standard\",\"shipping_fee\":0,\"payment_method\":\"cash\",\"status\":\"pending\",\"discount\":0,\"note\":\"Abc xỹ\",\"items\":[{\"product_id\":5,\"qty\":1,\"unit_price\":3500000,\"discount_rate\":0,\"discount_amount\":0,\"commission_rate\":10,\"commission_amount\":350000,\"subtotal\":3500000}],\"source_type\":\"collaborator\",\"manager_salesperson_id\":2}','::1','Mozilla/5.0 (iPhone; CPU iPhone OS 18_7 like Mac OS X) AppleWebKit/605.1.15 (KHTML, like Gecko) Version/26.3 Mobile/15E148 Safari/604.1','success',NULL,'2026-04-10 21:03:16'),(174,1,'Nguyễn Thị Lan','orders','create',NULL,NULL,'{\"customer_id\":6,\"warehouse_id\":1,\"group_id\":6,\"shipping_address\":\"222 nguyễn văn , Xã Châu Minh, Huyện Hiệp Hòa, Tỉnh Bắc Giang\",\"carrier_service\":\"standard\",\"shipping_fee\":0,\"payment_method\":\"cash\",\"status\":\"pending\",\"discount\":30000,\"note\":\"\",\"items\":[{\"product_id\":121,\"qty\":3,\"unit_price\":50000,\"discount_rate\":0,\"discount_amount\":0,\"commission_rate\":10,\"commission_amount\":15000,\"subtotal\":150000},{\"product_id\":32,\"qty\":1,\"unit_price\":4200000,\"discount_rate\":0,\"discount_amount\":0,\"commission_rate\":10,\"commission_amount\":420000,\"subtotal\":4200000}],\"source_type\":\"collaborator\",\"manager_salesperson_id\":2}','::1','Mozilla/5.0 (iPhone; CPU iPhone OS 18_7 like Mac OS X) AppleWebKit/605.1.15 (KHTML, like Gecko) Version/26.3 Mobile/15E148 Safari/604.1','success',NULL,'2026-04-10 21:26:04'),(175,1,'Nguyễn Thị Lan','orders','update',39,NULL,'{\"customer_id\":6,\"warehouse_id\":1,\"group_id\":6,\"shipping_address\":\"222 nguyễn văn , Xã Châu Minh, Huyện Hiệp Hòa, Tỉnh Bắc Giang\",\"carrier_service\":\"standard\",\"shipping_fee\":0,\"payment_method\":\"cash\",\"status\":\"pending\",\"discount\":30000,\"note\":\"\",\"items\":[{\"product_id\":121,\"qty\":3,\"unit_price\":50000,\"discount_rate\":0,\"discount_amount\":0,\"commission_rate\":10,\"commission_amount\":15000,\"subtotal\":150000},{\"product_id\":32,\"qty\":1,\"unit_price\":4200000,\"discount_rate\":0,\"discount_amount\":0,\"commission_rate\":10,\"commission_amount\":420000,\"subtotal\":4200000}],\"source_type\":\"collaborator\",\"manager_salesperson_id\":2}','::1','Mozilla/5.0 (iPhone; CPU iPhone OS 18_7 like Mac OS X) AppleWebKit/605.1.15 (KHTML, like Gecko) Version/26.3 Mobile/15E148 Safari/604.1','success',NULL,'2026-04-10 21:26:06'),(176,3,'Admin Velocity','products','update',120,NULL,'{\"is_active\":0}','::1','Mozilla/5.0 (Windows NT 10.0; Win64; x64) AppleWebKit/537.36 (KHTML, like Gecko) Chrome/145.0.0.0 Safari/537.36','success',NULL,'2026-04-11 09:04:59'),(177,3,'Admin Velocity','products','update',120,NULL,'{\"is_active\":0}','::1','Mozilla/5.0 (Windows NT 10.0; Win64; x64) AppleWebKit/537.36 (KHTML, like Gecko) Chrome/145.0.0.0 Safari/537.36','success',NULL,'2026-04-11 09:05:04'),(178,3,'Admin Velocity','products','update',119,NULL,'{\"is_active\":0}','::1','Mozilla/5.0 (Windows NT 10.0; Win64; x64) AppleWebKit/537.36 (KHTML, like Gecko) Chrome/145.0.0.0 Safari/537.36','success',NULL,'2026-04-11 09:05:11'),(179,1,'Nguyễn Thị Lan','orders','update',38,NULL,'{\"customer_id\":5,\"warehouse_id\":1,\"group_id\":6,\"shipping_address\":\"333 nguyễn trường tộ\",\"carrier_service\":\"standard\",\"shipping_fee\":140000,\"ship_payer\":\"shop\",\"deposit\":30000,\"payment_method\":\"cash\",\"status\":\"pending\",\"discount\":0,\"note\":\"Abc xỹ\",\"items\":[{\"product_id\":5,\"qty\":1,\"unit_price\":3500000,\"discount_rate\":0,\"discount_amount\":0,\"commission_rate\":10,\"commission_amount\":350000,\"subtotal\":3500000}],\"source_type\":\"collaborator\",\"manager_salesperson_id\":2}','::1','Mozilla/5.0 (Windows NT 10.0; Win64; x64) AppleWebKit/537.36 (KHTML, like Gecko) Chrome/146.0.0.0 Safari/537.36','success',NULL,'2026-04-11 09:10:40'),(180,1,'Nguyễn Thị Lan','orders','update',39,NULL,'{\"customer_id\":6,\"warehouse_id\":1,\"group_id\":6,\"shipping_address\":\"222 nguyễn văn , Xã Châu Minh, Huyện Hiệp Hòa, Tỉnh Bắc Giang\",\"carrier_service\":\"standard\",\"shipping_fee\":14000,\"ship_payer\":\"shop\",\"deposit\":0,\"payment_method\":\"cash\",\"status\":\"pending\",\"discount\":0,\"note\":\"\",\"items\":[{\"product_id\":121,\"qty\":3,\"unit_price\":50000,\"discount_rate\":10,\"discount_amount\":15000,\"commission_rate\":10,\"commission_amount\":13500,\"subtotal\":135000},{\"product_id\":32,\"qty\":1,\"unit_price\":4200000,\"discount_rate\":0,\"discount_amount\":0,\"commission_rate\":10,\"commission_amount\":420000,\"subtotal\":4200000}],\"source_type\":\"collaborator\",\"manager_salesperson_id\":2}','::1','Mozilla/5.0 (Windows NT 10.0; Win64; x64) AppleWebKit/537.36 (KHTML, like Gecko) Chrome/146.0.0.0 Safari/537.36','success',NULL,'2026-04-11 09:11:10'),(181,1,'Nguyễn Thị Lan','orders','update',39,NULL,'{\"customer_id\":6,\"warehouse_id\":1,\"group_id\":6,\"shipping_address\":\"222 nguyễn văn , Xã Châu Minh, Huyện Hiệp Hòa, Tỉnh Bắc Giang\",\"carrier_service\":\"standard\",\"shipping_fee\":20000,\"ship_payer\":\"shop\",\"deposit\":4350000,\"payment_method\":\"cash\",\"status\":\"pending\",\"discount\":0,\"note\":\"\",\"items\":[{\"product_id\":121,\"qty\":3,\"unit_price\":50000,\"discount_rate\":0,\"discount_amount\":0,\"commission_rate\":10,\"commission_amount\":15000,\"subtotal\":150000},{\"product_id\":32,\"qty\":1,\"unit_price\":4200000,\"discount_rate\":0,\"discount_amount\":0,\"commission_rate\":10,\"commission_amount\":420000,\"subtotal\":4200000}],\"source_type\":\"collaborator\",\"manager_salesperson_id\":2}','::1','Mozilla/5.0 (Windows NT 10.0; Win64; x64) AppleWebKit/537.36 (KHTML, like Gecko) Chrome/146.0.0.0 Safari/537.36','success',NULL,'2026-04-11 09:29:53'),(182,3,'Admin Velocity','orders','create',NULL,NULL,'{\"customer_id\":7,\"warehouse_id\":1,\"group_id\":6,\"shipping_address\":\"22\",\"carrier_service\":\"standard\",\"shipping_fee\":0,\"ship_payer\":\"customer\",\"deposit\":0,\"salesperson_absorbed_amount\":0,\"payment_method\":\"cash\",\"status\":\"pending\",\"discount\":0,\"note\":\"\",\"items\":[{\"product_id\":121,\"qty\":1,\"unit_price\":50000,\"discount_rate\":0,\"discount_amount\":0,\"commission_rate\":10,\"commission_amount\":5000,\"subtotal\":50000}]}','::1','Mozilla/5.0 (iPhone; CPU iPhone OS 18_7 like Mac OS X) AppleWebKit/605.1.15 (KHTML, like Gecko) Version/26.3 Mobile/15E148 Safari/604.1','success',NULL,'2026-04-11 10:24:25'),(183,3,'Admin Velocity','orders','update',40,NULL,'{\"customer_id\":7,\"warehouse_id\":1,\"group_id\":6,\"shipping_address\":\"22\",\"carrier_service\":\"standard\",\"shipping_fee\":0,\"ship_payer\":\"customer\",\"deposit\":0,\"salesperson_absorbed_amount\":0,\"payment_method\":\"cash\",\"status\":\"pending\",\"discount\":0,\"note\":\"\",\"items\":[{\"product_id\":121,\"qty\":1,\"unit_price\":50000,\"discount_rate\":0,\"discount_amount\":0,\"commission_rate\":10,\"commission_amount\":5000,\"subtotal\":50000}]}','::1','Mozilla/5.0 (iPhone; CPU iPhone OS 18_7 like Mac OS X) AppleWebKit/605.1.15 (KHTML, like Gecko) Version/26.3 Mobile/15E148 Safari/604.1','success',NULL,'2026-04-11 10:24:32'),(184,3,'Admin Velocity','orders','update',40,NULL,'{\"customer_id\":7,\"warehouse_id\":1,\"group_id\":6,\"shipping_address\":\"22\",\"carrier_service\":\"standard\",\"shipping_fee\":10000,\"ship_payer\":\"customer\",\"deposit\":10000,\"salesperson_absorbed_amount\":0,\"payment_method\":\"cash\",\"status\":\"pending\",\"discount\":0,\"note\":\"\",\"items\":[{\"product_id\":121,\"qty\":1,\"unit_price\":50000,\"discount_rate\":0,\"discount_amount\":0,\"commission_rate\":10,\"commission_amount\":5000,\"subtotal\":50000}]}','::1','Mozilla/5.0 (iPhone; CPU iPhone OS 18_7 like Mac OS X) AppleWebKit/605.1.15 (KHTML, like Gecko) Version/26.3 Mobile/15E148 Safari/604.1','success',NULL,'2026-04-11 10:25:27'),(185,3,'Admin Velocity','orders','update',40,NULL,'{\"customer_id\":7,\"warehouse_id\":1,\"group_id\":6,\"shipping_address\":\"22\",\"carrier_service\":\"standard\",\"shipping_fee\":10000,\"ship_payer\":\"customer\",\"deposit\":10000,\"salesperson_absorbed_amount\":10000,\"payment_method\":\"cash\",\"status\":\"pending\",\"discount\":0,\"note\":\"\",\"items\":[{\"product_id\":121,\"qty\":1,\"unit_price\":50000,\"discount_rate\":0,\"discount_amount\":0,\"commission_rate\":10,\"commission_amount\":5000,\"subtotal\":50000}]}','::1','Mozilla/5.0 (iPhone; CPU iPhone OS 18_7 like Mac OS X) AppleWebKit/605.1.15 (KHTML, like Gecko) Version/26.3 Mobile/15E148 Safari/604.1','success',NULL,'2026-04-11 10:28:28'),(186,1,'Nguyễn Thị Lan','orders','update',39,NULL,'{\"customer_id\":6,\"warehouse_id\":1,\"group_id\":6,\"shipping_address\":\"222 nguyễn văn , Xã Châu Minh, Huyện Hiệp Hòa, Tỉnh Bắc Giang\",\"carrier_service\":\"standard\",\"shipping_fee\":20000,\"ship_payer\":\"customer\",\"deposit\":1000000,\"salesperson_absorbed_amount\":100000,\"payment_method\":\"cash\",\"status\":\"pending\",\"discount\":0,\"note\":\"\",\"items\":[{\"product_id\":121,\"qty\":3,\"unit_price\":50000,\"discount_rate\":0,\"discount_amount\":0,\"commission_rate\":10,\"commission_amount\":15000,\"subtotal\":150000},{\"product_id\":32,\"qty\":1,\"unit_price\":4200000,\"discount_rate\":0,\"discount_amount\":0,\"commission_rate\":10,\"commission_amount\":420000,\"subtotal\":4200000}],\"source_type\":\"collaborator\",\"manager_salesperson_id\":2}','::1','Mozilla/5.0 (Windows NT 10.0; Win64; x64) AppleWebKit/537.36 (KHTML, like Gecko) Chrome/146.0.0.0 Safari/537.36','success',NULL,'2026-04-11 10:31:41'),(187,1,'Nguyễn Thị Lan','orders','update',38,NULL,'{\"customer_id\":5,\"warehouse_id\":1,\"group_id\":6,\"shipping_address\":\"333 nguyễn trường tộ\",\"carrier_service\":\"standard\",\"shipping_fee\":100000,\"ship_payer\":\"customer\",\"deposit\":0,\"salesperson_absorbed_amount\":0,\"payment_method\":\"cash\",\"status\":\"pending\",\"discount\":0,\"note\":\"Abc xỹ\",\"items\":[{\"product_id\":5,\"qty\":1,\"unit_price\":3500000,\"discount_rate\":0,\"discount_amount\":0,\"commission_rate\":10,\"commission_amount\":350000,\"subtotal\":3500000}],\"source_type\":\"collaborator\",\"manager_salesperson_id\":2}','::1','Mozilla/5.0 (Windows NT 10.0; Win64; x64) AppleWebKit/537.36 (KHTML, like Gecko) Chrome/146.0.0.0 Safari/537.36','success',NULL,'2026-04-11 10:34:00'),(188,1,'Nguyễn Thị Lan','orders','update',39,NULL,'{\"customer_id\":6,\"warehouse_id\":1,\"group_id\":6,\"shipping_address\":\"222 nguyễn văn , Xã Châu Minh, Huyện Hiệp Hòa, Tỉnh Bắc Giang\",\"carrier_service\":\"standard\",\"shipping_fee\":20000,\"ship_payer\":\"customer\",\"deposit\":1000000,\"salesperson_absorbed_amount\":100000,\"payment_method\":\"cash\",\"status\":\"pending\",\"discount\":0,\"note\":\"\",\"items\":[{\"product_id\":121,\"qty\":3,\"unit_price\":50000,\"discount_rate\":0,\"discount_amount\":0,\"commission_rate\":10,\"commission_amount\":15000,\"subtotal\":150000},{\"product_id\":32,\"qty\":1,\"unit_price\":4200000,\"discount_rate\":0,\"discount_amount\":0,\"commission_rate\":10,\"commission_amount\":420000,\"subtotal\":4200000}],\"source_type\":\"collaborator\",\"manager_salesperson_id\":2}','::1','Mozilla/5.0 (Windows NT 10.0; Win64; x64) AppleWebKit/537.36 (KHTML, like Gecko) Chrome/146.0.0.0 Safari/537.36','success',NULL,'2026-04-11 10:43:47'),(189,1,'Nguyễn Thị Lan','orders','update',36,NULL,'{\"customer_id\":5,\"warehouse_id\":1,\"group_id\":6,\"shipping_address\":\"333 nguyễn trường tộ\",\"carrier_service\":\"standard\",\"shipping_fee\":14000,\"ship_payer\":\"customer\",\"deposit\":0,\"salesperson_absorbed_amount\":0,\"payment_method\":\"cash\",\"status\":\"pending\",\"discount\":0,\"note\":\"\",\"items\":[{\"product_id\":121,\"qty\":2,\"unit_price\":50000,\"discount_rate\":0,\"discount_amount\":0,\"commission_rate\":10,\"commission_amount\":10000,\"subtotal\":100000},{\"product_id\":27,\"qty\":1,\"unit_price\":1000,\"discount_rate\":0,\"discount_amount\":0,\"commission_rate\":10,\"commission_amount\":100,\"subtotal\":1000}],\"source_type\":\"collaborator\",\"manager_salesperson_id\":2}','::1','Mozilla/5.0 (iPhone; CPU iPhone OS 18_7 like Mac OS X) AppleWebKit/605.1.15 (KHTML, like Gecko) Version/26.3 Mobile/15E148 Safari/604.1','success',NULL,'2026-04-11 10:59:10'),(190,3,'Admin Velocity','products','delete',121,NULL,'{}','::1','Mozilla/5.0 (Windows NT 10.0; Win64; x64) AppleWebKit/537.36 (KHTML, like Gecko) Chrome/145.0.0.0 Safari/537.36','success',NULL,'2026-04-11 12:02:17'),(191,3,'Admin Velocity','employees','delete',16,NULL,'{}','::1','Mozilla/5.0 (Windows NT 10.0; Win64; x64) AppleWebKit/537.36 (KHTML, like Gecko) Chrome/145.0.0.0 Safari/537.36','success',NULL,'2026-04-11 12:02:46'),(192,2,'Trần Văn Minh','orders','create',NULL,NULL,'{\"customer_id\":7,\"warehouse_id\":1,\"group_id\":5,\"shipping_address\":\"22\",\"carrier_service\":\"standard\",\"shipping_fee\":0,\"ship_payer\":\"customer\",\"deposit\":0,\"salesperson_absorbed_amount\":0,\"payment_method\":\"cash\",\"status\":\"pending\",\"discount\":0,\"note\":\"\",\"items\":[{\"product_id\":43,\"qty\":1,\"unit_price\":1700000,\"discount_rate\":0,\"discount_amount\":0,\"commission_rate\":10,\"commission_amount\":170000,\"subtotal\":1700000}],\"source_type\":\"sales\"}','::1','Mozilla/5.0 (Windows NT 10.0; Win64; x64; rv:149.0) Gecko/20100101 Firefox/149.0','success',NULL,'2026-04-11 12:15:11'),(193,2,'Trần Văn Minh','orders','update',41,NULL,'{\"customer_id\":7,\"warehouse_id\":1,\"group_id\":5,\"shipping_address\":\"22\",\"carrier_service\":\"standard\",\"shipping_fee\":0,\"ship_payer\":\"customer\",\"deposit\":300000,\"salesperson_absorbed_amount\":25000,\"payment_method\":\"cash\",\"status\":\"pending\",\"discount\":0,\"note\":\"\",\"items\":[{\"product_id\":43,\"qty\":1,\"unit_price\":1700000,\"discount_rate\":10,\"discount_amount\":170000,\"commission_rate\":10,\"commission_amount\":153000,\"subtotal\":1530000}],\"source_type\":\"sales\"}','::1','Mozilla/5.0 (Windows NT 10.0; Win64; x64; rv:149.0) Gecko/20100101 Firefox/149.0','success',NULL,'2026-04-11 12:16:12'),(194,2,'Trần Văn Minh','orders','update',41,NULL,'{\"customer_id\":7,\"warehouse_id\":1,\"group_id\":5,\"shipping_address\":\"22\",\"carrier_service\":\"standard\",\"shipping_fee\":0,\"ship_payer\":\"customer\",\"deposit\":300000,\"salesperson_absorbed_amount\":25000,\"payment_method\":\"cash\",\"status\":\"pending\",\"discount\":0,\"note\":\"\",\"items\":[{\"product_id\":43,\"qty\":1,\"unit_price\":1700000,\"discount_rate\":10,\"discount_amount\":170000,\"commission_rate\":10,\"commission_amount\":153000,\"subtotal\":1530000}],\"source_type\":\"sales\"}','::1','Mozilla/5.0 (Windows NT 10.0; Win64; x64; rv:149.0) Gecko/20100101 Firefox/149.0','success',NULL,'2026-04-11 12:17:06'),(195,2,'Trần Văn Minh','orders','update',41,NULL,'{\"customer_id\":7,\"warehouse_id\":1,\"group_id\":5,\"shipping_address\":\"22\",\"carrier_service\":\"standard\",\"shipping_fee\":0,\"ship_payer\":\"customer\",\"deposit\":300000,\"salesperson_absorbed_amount\":25000,\"payment_method\":\"cash\",\"status\":\"pending\",\"discount\":0,\"note\":\"\",\"items\":[{\"product_id\":43,\"qty\":1,\"unit_price\":1700000,\"discount_rate\":10,\"discount_amount\":170000,\"commission_rate\":10,\"commission_amount\":153000,\"subtotal\":1530000}],\"source_type\":\"collaborator\",\"manager_salesperson_id\":1}','::1','Mozilla/5.0 (Windows NT 10.0; Win64; x64; rv:149.0) Gecko/20100101 Firefox/149.0','success',NULL,'2026-04-11 12:17:51'),(196,2,'Trần Văn Minh','orders','update',33,NULL,'{\"customer_id\":7,\"warehouse_id\":1,\"group_id\":5,\"shipping_address\":\"22\",\"carrier_service\":\"standard\",\"shipping_fee\":0,\"ship_payer\":\"customer\",\"deposit\":0,\"salesperson_absorbed_amount\":0,\"payment_method\":\"cash\",\"status\":\"pending\",\"discount\":0,\"note\":\"\",\"items\":[{\"product_id\":121,\"qty\":10,\"unit_price\":50000,\"discount_rate\":0,\"discount_amount\":0,\"commission_rate\":10,\"commission_amount\":50000,\"subtotal\":500000}],\"source_type\":\"sales\"}','::1','Mozilla/5.0 (Windows NT 10.0; Win64; x64; rv:149.0) Gecko/20100101 Firefox/149.0','success',NULL,'2026-04-11 12:18:28'),(197,2,'Trần Văn Minh','orders','update',41,NULL,'{\"customer_id\":7,\"warehouse_id\":1,\"group_id\":5,\"shipping_address\":\"22\",\"carrier_service\":\"standard\",\"shipping_fee\":0,\"ship_payer\":\"customer\",\"deposit\":300000,\"salesperson_absorbed_amount\":25000,\"payment_method\":\"cash\",\"status\":\"pending\",\"discount\":0,\"note\":\"\",\"items\":[{\"product_id\":43,\"qty\":1,\"unit_price\":1700000,\"discount_rate\":10,\"discount_amount\":170000,\"commission_rate\":10,\"commission_amount\":153000,\"subtotal\":1530000}],\"source_type\":\"sales\"}','::1','Mozilla/5.0 (Windows NT 10.0; Win64; x64; rv:149.0) Gecko/20100101 Firefox/149.0','success',NULL,'2026-04-11 12:18:40'),(198,2,'Trần Văn Minh','orders','create',NULL,NULL,'{\"customer_id\":7,\"warehouse_id\":1,\"group_id\":5,\"shipping_address\":\"22\",\"carrier_service\":\"standard\",\"shipping_fee\":0,\"ship_payer\":\"customer\",\"deposit\":0,\"salesperson_absorbed_amount\":0,\"payment_method\":\"cash\",\"status\":\"pending\",\"discount\":0,\"note\":\"\",\"items\":[{\"product_id\":11,\"qty\":1,\"unit_price\":230000,\"discount_rate\":0,\"discount_amount\":0,\"commission_rate\":10,\"commission_amount\":23000,\"subtotal\":230000}],\"source_type\":\"sales\"}','::1','Mozilla/5.0 (Windows NT 10.0; Win64; x64; rv:149.0) Gecko/20100101 Firefox/149.0','success',NULL,'2026-04-11 12:19:18'),(199,2,'Trần Văn Minh','orders','update',42,NULL,'{\"customer_id\":7,\"warehouse_id\":1,\"group_id\":5,\"shipping_address\":\"22\",\"carrier_service\":\"standard\",\"shipping_fee\":0,\"ship_payer\":\"customer\",\"deposit\":0,\"salesperson_absorbed_amount\":0,\"payment_method\":\"cash\",\"status\":\"pending\",\"discount\":0,\"note\":\"\",\"items\":[{\"product_id\":11,\"qty\":1,\"unit_price\":230000,\"discount_rate\":0,\"discount_amount\":0,\"commission_rate\":10,\"commission_amount\":23000,\"subtotal\":230000}],\"source_type\":\"sales\"}','::1','Mozilla/5.0 (Windows NT 10.0; Win64; x64; rv:149.0) Gecko/20100101 Firefox/149.0','success',NULL,'2026-04-11 12:19:30'),(200,2,'Trần Văn Minh','orders','update',42,NULL,'{\"customer_id\":7,\"warehouse_id\":1,\"group_id\":5,\"shipping_address\":\"22\",\"carrier_service\":\"standard\",\"shipping_fee\":0,\"ship_payer\":\"customer\",\"deposit\":0,\"salesperson_absorbed_amount\":0,\"payment_method\":\"cash\",\"status\":\"pending\",\"discount\":0,\"note\":\"\",\"items\":[{\"product_id\":11,\"qty\":1,\"unit_price\":230000,\"discount_rate\":0,\"discount_amount\":0,\"commission_rate\":10,\"commission_amount\":23000,\"subtotal\":230000}],\"source_type\":\"collaborator\",\"manager_salesperson_id\":1}','::1','Mozilla/5.0 (Windows NT 10.0; Win64; x64; rv:149.0) Gecko/20100101 Firefox/149.0','success',NULL,'2026-04-11 12:19:43'),(201,2,'Trần Văn Minh','orders','update',42,NULL,'{\"customer_id\":7,\"warehouse_id\":1,\"group_id\":6,\"shipping_address\":\"22\",\"carrier_service\":\"standard\",\"shipping_fee\":0,\"ship_payer\":\"customer\",\"deposit\":0,\"salesperson_absorbed_amount\":0,\"payment_method\":\"cash\",\"status\":\"pending\",\"discount\":0,\"note\":\"\",\"items\":[{\"product_id\":11,\"qty\":1,\"unit_price\":230000,\"discount_rate\":0,\"discount_amount\":0,\"commission_rate\":10,\"commission_amount\":23000,\"subtotal\":230000}],\"source_type\":\"sales\"}','::1','Mozilla/5.0 (Windows NT 10.0; Win64; x64; rv:149.0) Gecko/20100101 Firefox/149.0','success',NULL,'2026-04-11 12:20:06'),(202,2,'Trần Văn Minh','orders','update',42,NULL,'{\"customer_id\":7,\"warehouse_id\":1,\"group_id\":6,\"shipping_address\":\"22\",\"carrier_service\":\"standard\",\"shipping_fee\":0,\"ship_payer\":\"customer\",\"deposit\":0,\"salesperson_absorbed_amount\":0,\"payment_method\":\"cash\",\"status\":\"pending\",\"discount\":0,\"note\":\"\",\"items\":[{\"product_id\":11,\"qty\":1,\"unit_price\":230000,\"discount_rate\":0,\"discount_amount\":0,\"commission_rate\":10,\"commission_amount\":23000,\"subtotal\":230000}],\"source_type\":\"collaborator\",\"manager_salesperson_id\":1}','::1','Mozilla/5.0 (Windows NT 10.0; Win64; x64; rv:149.0) Gecko/20100101 Firefox/149.0','success',NULL,'2026-04-11 12:20:27'),(203,2,'Trần Văn Minh','orders','update',33,NULL,'{\"customer_id\":7,\"warehouse_id\":1,\"group_id\":5,\"shipping_address\":\"22\",\"carrier_service\":\"standard\",\"shipping_fee\":0,\"ship_payer\":\"customer\",\"deposit\":0,\"salesperson_absorbed_amount\":0,\"payment_method\":\"cash\",\"status\":\"pending\",\"discount\":0,\"note\":\"\",\"items\":[{\"product_id\":121,\"qty\":10,\"unit_price\":50000,\"discount_rate\":0,\"discount_amount\":0,\"commission_rate\":10,\"commission_amount\":50000,\"subtotal\":500000}],\"source_type\":\"collaborator\",\"manager_salesperson_id\":1}','::1','Mozilla/5.0 (Windows NT 10.0; Win64; x64; rv:149.0) Gecko/20100101 Firefox/149.0','success',NULL,'2026-04-11 12:20:57'),(204,3,'Admin Velocity','employees','update',95,NULL,'{\"full_name\":\"Nguyễn Thị Kiều Trang\",\"username\":\"kieutrangnguyen6288-sheki\",\"email\":\"kieutrangnguyen6288-sheki@gmail.com\",\"phone\":\"\",\"role_id\":2,\"department\":\"Kinh doanh\",\"position\":\"Nhân viên\",\"commission_rate\":\"10.00\",\"salary\":\"0.00\",\"join_date\":\"\",\"address\":\"\",\"city\":\"\",\"is_active\":1}','::1','Mozilla/5.0 (Windows NT 10.0; Win64; x64) AppleWebKit/537.36 (KHTML, like Gecko) Chrome/145.0.0.0 Safari/537.36','success',NULL,'2026-04-11 12:41:44');
/*!40000 ALTER TABLE `activity_logs` ENABLE KEYS */;
UNLOCK TABLES;

--
-- Table structure for table `cash_transactions`
--

DROP TABLE IF EXISTS `cash_transactions`;
/*!40101 SET @saved_cs_client     = @@character_set_client */;
/*!50503 SET character_set_client = utf8mb4 */;
CREATE TABLE `cash_transactions` (
  `id` int(10) unsigned NOT NULL AUTO_INCREMENT,
  `user_id` int(10) unsigned NOT NULL COMMENT 'Nhân viên',
  `group_id` int(10) unsigned DEFAULT NULL COMMENT 'Nhóm BH (NULL = không gắn)',
  `kind` enum('income','expense') NOT NULL COMMENT 'Thu / Chi',
  `amount` decimal(14,2) NOT NULL DEFAULT 0.00,
  `note` text DEFAULT NULL,
  `created_by` int(10) unsigned NOT NULL COMMENT 'Admin tạo bản ghi',
  `created_at` datetime NOT NULL DEFAULT current_timestamp(),
  PRIMARY KEY (`id`),
  KEY `idx_cash_tx_user` (`user_id`),
  KEY `idx_cash_tx_group` (`group_id`),
  KEY `idx_cash_tx_kind` (`kind`),
  KEY `idx_cash_tx_created` (`created_at`),
  KEY `fk_cash_tx_creator` (`created_by`),
  CONSTRAINT `fk_cash_tx_creator` FOREIGN KEY (`created_by`) REFERENCES `users` (`id`),
  CONSTRAINT `fk_cash_tx_group` FOREIGN KEY (`group_id`) REFERENCES `groups` (`id`) ON DELETE SET NULL,
  CONSTRAINT `fk_cash_tx_user` FOREIGN KEY (`user_id`) REFERENCES `users` (`id`) ON DELETE CASCADE
) ENGINE=InnoDB AUTO_INCREMENT=3 DEFAULT CHARSET=utf8mb4 COLLATE=utf8mb4_unicode_ci;
/*!40101 SET character_set_client = @saved_cs_client */;

--
-- Dumping data for table `cash_transactions`
--

LOCK TABLES `cash_transactions` WRITE;
/*!40000 ALTER TABLE `cash_transactions` DISABLE KEYS */;
INSERT INTO `cash_transactions` VALUES (1,94,NULL,'income',500000.00,'thu là công ty lấy , chi là công ty chi ra',3,'2026-04-11 12:42:43'),(2,94,NULL,'expense',500000.00,'cho vy mượn',3,'2026-04-11 12:43:22');
/*!40000 ALTER TABLE `cash_transactions` ENABLE KEYS */;
UNLOCK TABLES;

--
-- Table structure for table `categories`
--

DROP TABLE IF EXISTS `categories`;
/*!40101 SET @saved_cs_client     = @@character_set_client */;
/*!50503 SET character_set_client = utf8mb4 */;
CREATE TABLE `categories` (
  `id` int(10) unsigned NOT NULL AUTO_INCREMENT,
  `name` varchar(100) NOT NULL,
  `parent_id` int(10) unsigned DEFAULT NULL,
  `is_active` tinyint(1) NOT NULL DEFAULT 1,
  `created_at` datetime NOT NULL DEFAULT current_timestamp(),
  PRIMARY KEY (`id`),
  KEY `idx_categories_parent` (`parent_id`),
  KEY `idx_categories_is_active` (`is_active`),
  CONSTRAINT `fk_categories_parent` FOREIGN KEY (`parent_id`) REFERENCES `categories` (`id`) ON DELETE SET NULL
) ENGINE=InnoDB AUTO_INCREMENT=5 DEFAULT CHARSET=utf8mb4 COLLATE=utf8mb4_unicode_ci;
/*!40101 SET character_set_client = @saved_cs_client */;

--
-- Dumping data for table `categories`
--

LOCK TABLES `categories` WRITE;
/*!40000 ALTER TABLE `categories` DISABLE KEYS */;
INSERT INTO `categories` VALUES (1,'Mỹ Phẩm',NULL,1,'2026-04-04 20:32:39'),(2,'Quần nam',NULL,1,'2026-04-04 20:32:39'),(3,'Giày dép',NULL,1,'2026-04-04 20:32:39'),(4,'Phụ kiện',NULL,1,'2026-04-04 20:32:39');
/*!40000 ALTER TABLE `categories` ENABLE KEYS */;
UNLOCK TABLES;

--
-- Table structure for table `collaborators`
--

DROP TABLE IF EXISTS `collaborators`;
/*!40101 SET @saved_cs_client     = @@character_set_client */;
/*!50503 SET character_set_client = utf8mb4 */;
CREATE TABLE `collaborators` (
  `id` int(10) unsigned NOT NULL AUTO_INCREMENT,
  `sales_id` int(10) unsigned NOT NULL COMMENT 'Sale qu???n l??',
  `ctv_id` int(10) unsigned NOT NULL COMMENT 'C???ng t??c vi??n (c??ng l?? user sales)',
  `created_at` datetime NOT NULL DEFAULT current_timestamp(),
  PRIMARY KEY (`id`),
  UNIQUE KEY `uk_sales_ctv` (`sales_id`,`ctv_id`),
  KEY `idx_collab_ctv` (`ctv_id`),
  CONSTRAINT `fk_collab_ctv` FOREIGN KEY (`ctv_id`) REFERENCES `users` (`id`) ON DELETE CASCADE,
  CONSTRAINT `fk_collab_sales` FOREIGN KEY (`sales_id`) REFERENCES `users` (`id`) ON DELETE CASCADE
) ENGINE=InnoDB AUTO_INCREMENT=7 DEFAULT CHARSET=utf8mb4 COLLATE=utf8mb4_unicode_ci;
/*!40101 SET character_set_client = @saved_cs_client */;

--
-- Dumping data for table `collaborators`
--

LOCK TABLES `collaborators` WRITE;
/*!40000 ALTER TABLE `collaborators` DISABLE KEYS */;
INSERT INTO `collaborators` VALUES (2,2,1,'2026-04-05 15:20:13'),(6,1,2,'2026-04-07 20:05:52');
/*!40000 ALTER TABLE `collaborators` ENABLE KEYS */;
UNLOCK TABLES;

--
-- Table structure for table `commission_adjustments`
--

DROP TABLE IF EXISTS `commission_adjustments`;
/*!40101 SET @saved_cs_client     = @@character_set_client */;
/*!50503 SET character_set_client = utf8mb4 */;
CREATE TABLE `commission_adjustments` (
  `id` int(10) unsigned NOT NULL AUTO_INCREMENT,
  `order_id` int(10) unsigned NOT NULL COMMENT 'Đơn gốc liên quan',
  `return_id` int(10) unsigned DEFAULT NULL COMMENT 'Đơn hoàn tạo adjustment này',
  `user_id` int(10) unsigned NOT NULL COMMENT 'Người bị điều chỉnh hoa hồng',
  `type` enum('direct','override') NOT NULL DEFAULT 'direct',
  `ctv_user_id` int(10) unsigned DEFAULT NULL,
  `amount` decimal(12,2) NOT NULL DEFAULT 0.00 COMMENT 'Có thể âm (trừ hoa hồng)',
  `reason` varchar(255) DEFAULT NULL,
  `created_by` int(10) unsigned NOT NULL,
  `created_at` datetime NOT NULL DEFAULT current_timestamp(),
  PRIMARY KEY (`id`),
  KEY `idx_ca_order` (`order_id`),
  KEY `idx_ca_return` (`return_id`),
  KEY `idx_ca_user` (`user_id`),
  KEY `idx_ca_type` (`type`),
  KEY `idx_ca_created_at` (`created_at`),
  KEY `fk_ca_ctv` (`ctv_user_id`),
  KEY `fk_ca_created_by` (`created_by`),
  CONSTRAINT `fk_ca_created_by` FOREIGN KEY (`created_by`) REFERENCES `users` (`id`),
  CONSTRAINT `fk_ca_ctv` FOREIGN KEY (`ctv_user_id`) REFERENCES `users` (`id`) ON DELETE SET NULL,
  CONSTRAINT `fk_ca_order` FOREIGN KEY (`order_id`) REFERENCES `orders` (`id`) ON DELETE CASCADE,
  CONSTRAINT `fk_ca_return` FOREIGN KEY (`return_id`) REFERENCES `returns` (`id`) ON DELETE SET NULL,
  CONSTRAINT `fk_ca_user` FOREIGN KEY (`user_id`) REFERENCES `users` (`id`) ON DELETE CASCADE
) ENGINE=InnoDB AUTO_INCREMENT=3 DEFAULT CHARSET=utf8mb4 COLLATE=utf8mb4_unicode_ci;
/*!40101 SET character_set_client = @saved_cs_client */;

--
-- Dumping data for table `commission_adjustments`
--

LOCK TABLES `commission_adjustments` WRITE;
/*!40000 ALTER TABLE `commission_adjustments` DISABLE KEYS */;
/*!40000 ALTER TABLE `commission_adjustments` ENABLE KEYS */;
UNLOCK TABLES;

--
-- Table structure for table `commission_tiers`
--

DROP TABLE IF EXISTS `commission_tiers`;
/*!40101 SET @saved_cs_client     = @@character_set_client */;
/*!50503 SET character_set_client = utf8mb4 */;
CREATE TABLE `commission_tiers` (
  `id` int(10) unsigned NOT NULL AUTO_INCREMENT,
  `ctv_rate_min` decimal(5,2) NOT NULL COMMENT 'Hoa h???ng CTV >= m???c n??y',
  `ctv_rate_max` decimal(5,2) DEFAULT NULL COMMENT 'Hoa h???ng CTV <= m???c n??y (NULL = kh??ng gi???i h???n)',
  `sales_override_rate` decimal(5,2) NOT NULL COMMENT '% hoa h???ng Sale qu???n l?? h?????ng',
  `note` varchar(200) DEFAULT NULL,
  `created_at` datetime NOT NULL DEFAULT current_timestamp(),
  PRIMARY KEY (`id`),
  KEY `idx_tiers_rate` (`ctv_rate_min`,`ctv_rate_max`)
) ENGINE=InnoDB AUTO_INCREMENT=7 DEFAULT CHARSET=utf8mb4 COLLATE=utf8mb4_unicode_ci;
/*!40101 SET character_set_client = @saved_cs_client */;

--
-- Dumping data for table `commission_tiers`
--

LOCK TABLES `commission_tiers` WRITE;
/*!40000 ALTER TABLE `commission_tiers` DISABLE KEYS */;
INSERT INTO `commission_tiers` VALUES (4,10.00,30.00,3.00,NULL,'2026-04-05 15:19:13'),(5,7.00,7.00,2.00,NULL,'2026-04-05 15:19:33'),(6,4.00,5.00,1.00,NULL,'2026-04-05 15:19:49');
/*!40000 ALTER TABLE `commission_tiers` ENABLE KEYS */;
UNLOCK TABLES;

--
-- Table structure for table `commissions`
--

DROP TABLE IF EXISTS `commissions`;
/*!40101 SET @saved_cs_client     = @@character_set_client */;
/*!50503 SET character_set_client = utf8mb4 */;
CREATE TABLE `commissions` (
  `id` int(10) unsigned NOT NULL AUTO_INCREMENT,
  `order_id` int(10) unsigned NOT NULL,
  `user_id` int(10) unsigned NOT NULL COMMENT 'Sales nhận hoa hồng',
  `commission_amount` decimal(12,2) NOT NULL DEFAULT 0.00,
  `created_at` datetime NOT NULL DEFAULT current_timestamp(),
  `updated_at` datetime NOT NULL DEFAULT current_timestamp() ON UPDATE current_timestamp(),
  `type` enum('direct','override') NOT NULL DEFAULT 'direct' COMMENT 'direct=hoa h???ng tr???c ti???p, override=hoa h???ng qu???n l?? CTV',
  `ctv_user_id` int(10) unsigned DEFAULT NULL COMMENT 'ID CTV t???o ra hoa h???ng override (ch??? c?? khi type=override)',
  `override_rate` decimal(5,2) DEFAULT NULL COMMENT 'Tỷ lệ override % tại thời điểm tạo đơn',
  PRIMARY KEY (`id`),
  KEY `idx_commissions_order` (`order_id`),
  KEY `idx_commissions_user` (`user_id`),
  KEY `idx_commissions_created_at` (`created_at`),
  KEY `idx_commissions_type` (`type`),
  KEY `idx_commissions_ctv` (`ctv_user_id`),
  CONSTRAINT `fk_commissions_ctv` FOREIGN KEY (`ctv_user_id`) REFERENCES `users` (`id`) ON DELETE SET NULL,
  CONSTRAINT `fk_commissions_order` FOREIGN KEY (`order_id`) REFERENCES `orders` (`id`) ON DELETE CASCADE,
  CONSTRAINT `fk_commissions_user` FOREIGN KEY (`user_id`) REFERENCES `users` (`id`) ON DELETE CASCADE
) ENGINE=InnoDB AUTO_INCREMENT=209 DEFAULT CHARSET=utf8mb4 COLLATE=utf8mb4_unicode_ci;
/*!40101 SET character_set_client = @saved_cs_client */;

--
-- Dumping data for table `commissions`
--

LOCK TABLES `commissions` WRITE;
/*!40000 ALTER TABLE `commissions` DISABLE KEYS */;
INSERT INTO `commissions` VALUES (149,34,1,760000.00,'2026-04-09 14:28:29','2026-04-09 14:28:29','direct',NULL,NULL),(150,34,2,224500.00,'2026-04-09 14:28:29','2026-04-09 14:28:29','override',1,NULL),(153,32,1,50000.00,'2026-04-09 14:43:25','2026-04-09 14:43:25','direct',NULL,NULL),(154,32,2,15000.00,'2026-04-09 14:43:25','2026-04-09 14:43:25','override',1,3.00),(157,35,2,515000.00,'2026-04-09 14:47:47','2026-04-09 14:47:47','direct',NULL,NULL),(158,35,1,154500.00,'2026-04-09 14:47:47','2026-04-09 14:47:47','override',2,3.00),(165,37,1,5000.00,'2026-04-10 20:52:53','2026-04-10 20:52:53','direct',NULL,NULL),(166,37,2,1500.00,'2026-04-10 20:52:53','2026-04-10 20:52:53','override',1,3.00),(184,40,3,5000.00,'2026-04-11 10:28:28','2026-04-11 10:28:28','direct',NULL,NULL),(187,38,1,350000.00,'2026-04-11 10:34:00','2026-04-11 10:34:00','direct',NULL,NULL),(188,38,2,105000.00,'2026-04-11 10:34:00','2026-04-11 10:34:00','override',1,3.00),(189,39,1,435000.00,'2026-04-11 10:43:47','2026-04-11 10:43:47','direct',NULL,NULL),(190,39,2,130500.00,'2026-04-11 10:43:47','2026-04-11 10:43:47','override',1,3.00),(191,36,1,10100.00,'2026-04-11 10:59:10','2026-04-11 10:59:10','direct',NULL,NULL),(192,36,2,3030.00,'2026-04-11 10:59:10','2026-04-11 10:59:10','override',1,3.00),(199,41,2,153000.00,'2026-04-11 12:18:40','2026-04-11 12:18:40','direct',NULL,NULL),(205,42,2,23000.00,'2026-04-11 12:20:27','2026-04-11 12:20:27','direct',NULL,NULL),(206,42,1,6900.00,'2026-04-11 12:20:27','2026-04-11 12:20:27','override',2,3.00),(207,33,2,50000.00,'2026-04-11 12:20:57','2026-04-11 12:20:57','direct',NULL,NULL),(208,33,1,15000.00,'2026-04-11 12:20:57','2026-04-11 12:20:57','override',2,3.00);
/*!40000 ALTER TABLE `commissions` ENABLE KEYS */;
UNLOCK TABLES;

--
-- Table structure for table `customers`
--

DROP TABLE IF EXISTS `customers`;
/*!40101 SET @saved_cs_client     = @@character_set_client */;
/*!50503 SET character_set_client = utf8mb4 */;
CREATE TABLE `customers` (
  `id` int(10) unsigned NOT NULL AUTO_INCREMENT,
  `name` varchar(100) NOT NULL,
  `phone` varchar(20) DEFAULT NULL,
  `email` varchar(100) DEFAULT NULL,
  `address` text DEFAULT NULL,
  `city` varchar(50) DEFAULT NULL,
  `district` varchar(50) DEFAULT NULL,
  `ward` varchar(50) DEFAULT NULL,
  `birthday` date DEFAULT NULL,
  `tier` enum('new','silver','gold','platinum','diamond') NOT NULL DEFAULT 'new',
  `total_spent` decimal(15,2) NOT NULL DEFAULT 0.00,
  `points_balance` int(11) NOT NULL DEFAULT 0 COMMENT 'Điểm tích lũy',
  `source` varchar(50) DEFAULT NULL COMMENT 'store/facebook/website/referral',
  `assigned_employee_id` int(10) unsigned DEFAULT NULL COMMENT 'Nhân viên phụ trách',
  `note` text DEFAULT NULL,
  `created_by` int(10) unsigned NOT NULL COMMENT 'Người tạo',
  `created_at` datetime NOT NULL DEFAULT current_timestamp(),
  PRIMARY KEY (`id`),
  KEY `idx_customers_phone` (`phone`),
  KEY `idx_customers_email` (`email`),
  KEY `idx_customers_tier` (`tier`),
  KEY `idx_customers_created_by` (`created_by`),
  KEY `idx_customers_assigned` (`assigned_employee_id`),
  CONSTRAINT `fk_customers_assigned` FOREIGN KEY (`assigned_employee_id`) REFERENCES `users` (`id`) ON DELETE SET NULL,
  CONSTRAINT `fk_customers_created_by` FOREIGN KEY (`created_by`) REFERENCES `users` (`id`)
) ENGINE=InnoDB AUTO_INCREMENT=8 DEFAULT CHARSET=utf8mb4 COLLATE=utf8mb4_unicode_ci;
/*!40101 SET character_set_client = @saved_cs_client */;

--
-- Dumping data for table `customers`
--

LOCK TABLES `customers` WRITE;
/*!40000 ALTER TABLE `customers` DISABLE KEYS */;
INSERT INTO `customers` VALUES (1,'ngô hữu chung','0985363679','huuchung2@gmail.com','22 H3 DN8, Phường Đông Hưng Thuận, Quận 12, Thành phố Hồ Chí Minh','Thành phố Hồ Chí Minh',NULL,NULL,NULL,'new',0.00,0,'store',NULL,NULL,3,'2026-04-04 21:52:11'),(2,'nguyễn thị ngọc thanh','0931931900','thanh@gmail.comq','22h 3 dn8, Phường Tân Hà, Thành phố Tuyên Quang, Tỉnh Tuyên Quang','Tỉnh Hưng Yên','Huyện Phù Cừ','Xã Tống Trân','0000-00-00','new',0.00,0,'store',NULL,'',1,'2026-04-04 21:56:26'),(4,'ngọc thanh','0931931900','thanh@gmail.com','22 h3 dn8','Tỉnh Long An','Huyện Cần Giuộc','Xã Long Phụng','1899-11-28','new',0.00,0,'',NULL,'',1,'2026-04-04 22:07:21'),(5,'nguyễn thi lan','0931933008','lan@gmail.com','333 nguyễn trường tộ','Tỉnh Quảng Ninh','Huyện Vân Đồn','Xã Thắng Lợi','0000-00-00','new',1500000.00,150,'',NULL,'',1,'2026-04-04 22:14:31'),(6,'ngô tèo','0984040404','teo@gmail.com','222 nguyễn văn , Xã Châu Minh, Huyện Hiệp Hòa, Tỉnh Bắc Giang','','Huyện Hiệp Hòa','Xã Châu Minh','1899-11-29','new',29304000.00,2930,'store',NULL,'',1,'2026-04-05 00:54:17'),(7,'tèo thẹo','0949333993','','22','Tỉnh Tuyên Quang','Huyện Chiêm Hóa','Xã Trung Hòa','1899-11-29','new',0.00,0,'',NULL,'',2,'2026-04-09 12:57:28');
/*!40000 ALTER TABLE `customers` ENABLE KEYS */;
UNLOCK TABLES;

--
-- Table structure for table `groups`
--

DROP TABLE IF EXISTS `groups`;
/*!40101 SET @saved_cs_client     = @@character_set_client */;
/*!50503 SET character_set_client = utf8mb4 */;
CREATE TABLE `groups` (
  `id` int(10) unsigned NOT NULL AUTO_INCREMENT,
  `name` varchar(100) NOT NULL,
  `description` text DEFAULT NULL,
  `is_active` tinyint(1) NOT NULL DEFAULT 1,
  `created_at` datetime NOT NULL DEFAULT current_timestamp(),
  PRIMARY KEY (`id`),
  KEY `idx_groups_is_active` (`is_active`)
) ENGINE=InnoDB AUTO_INCREMENT=8 DEFAULT CHARSET=utf8mb4 COLLATE=utf8mb4_unicode_ci;
/*!40101 SET character_set_client = @saved_cs_client */;

--
-- Dumping data for table `groups`
--

LOCK TABLES `groups` WRITE;
/*!40000 ALTER TABLE `groups` DISABLE KEYS */;
INSERT INTO `groups` VALUES (4,'TNK','Nhom TNK',1,'2026-04-05 10:49:15'),(5,'SHEKI','Nhom SHEKI',1,'2026-04-05 10:49:15'),(6,'KHA','Nhom KHA',1,'2026-04-05 10:49:15'),(7,'abc','abc khi nào',0,'2026-04-09 10:37:51');
/*!40000 ALTER TABLE `groups` ENABLE KEYS */;
UNLOCK TABLES;

--
-- Table structure for table `loyalty_points`
--

DROP TABLE IF EXISTS `loyalty_points`;
/*!40101 SET @saved_cs_client     = @@character_set_client */;
/*!50503 SET character_set_client = utf8mb4 */;
CREATE TABLE `loyalty_points` (
  `id` int(10) unsigned NOT NULL AUTO_INCREMENT,
  `customer_id` int(10) unsigned NOT NULL,
  `order_id` int(10) unsigned DEFAULT NULL,
  `points` int(11) NOT NULL COMMENT '+ tích lũy, - đổi điểm',
  `type` enum('earn','redeem') NOT NULL,
  `note` text DEFAULT NULL,
  `created_at` datetime NOT NULL DEFAULT current_timestamp(),
  PRIMARY KEY (`id`),
  KEY `idx_loyalty_customer` (`customer_id`),
  KEY `idx_loyalty_order` (`order_id`),
  KEY `idx_loyalty_type` (`type`),
  KEY `idx_loyalty_created_at` (`created_at`),
  CONSTRAINT `fk_loyalty_customer` FOREIGN KEY (`customer_id`) REFERENCES `customers` (`id`) ON DELETE CASCADE,
  CONSTRAINT `fk_loyalty_order` FOREIGN KEY (`order_id`) REFERENCES `orders` (`id`) ON DELETE SET NULL
) ENGINE=InnoDB AUTO_INCREMENT=3 DEFAULT CHARSET=utf8mb4 COLLATE=utf8mb4_unicode_ci;
/*!40101 SET character_set_client = @saved_cs_client */;

--
-- Dumping data for table `loyalty_points`
--

LOCK TABLES `loyalty_points` WRITE;
/*!40000 ALTER TABLE `loyalty_points` DISABLE KEYS */;
INSERT INTO `loyalty_points` VALUES (1,5,NULL,150,'earn','Tích lũy từ đơn hàng','2026-04-08 10:45:46'),(2,6,NULL,2930,'earn','Tích lũy từ đơn hàng','2026-04-08 18:38:23');
/*!40000 ALTER TABLE `loyalty_points` ENABLE KEYS */;
UNLOCK TABLES;

--
-- Table structure for table `order_items`
--

DROP TABLE IF EXISTS `order_items`;
/*!40101 SET @saved_cs_client     = @@character_set_client */;
/*!50503 SET character_set_client = utf8mb4 */;
CREATE TABLE `order_items` (
  `id` int(10) unsigned NOT NULL AUTO_INCREMENT,
  `order_id` int(10) unsigned NOT NULL,
  `product_id` int(10) unsigned NOT NULL,
  `qty` decimal(10,3) NOT NULL DEFAULT 1.000 COMMENT 'Số lượng (hỗ trợ số lẻ)',
  `unit_price` decimal(12,2) NOT NULL DEFAULT 0.00 COMMENT 'Giá tại thời điểm bán',
  `discount_rate` decimal(5,2) NOT NULL DEFAULT 0.00 COMMENT '% giảm giá item',
  `discount_amount` decimal(12,2) NOT NULL DEFAULT 0.00 COMMENT 'Tiền giảm item',
  `commission_rate` decimal(5,2) NOT NULL DEFAULT 0.00 COMMENT '% hoa hồng item',
  `commission_amount` decimal(12,2) NOT NULL DEFAULT 0.00 COMMENT 'Tiền hoa hồng item',
  `subtotal` decimal(15,2) NOT NULL DEFAULT 0.00 COMMENT 'qty * unit_price - discount_amount',
  PRIMARY KEY (`id`),
  KEY `idx_order_items_order` (`order_id`),
  KEY `idx_order_items_product` (`product_id`),
  CONSTRAINT `fk_order_items_order` FOREIGN KEY (`order_id`) REFERENCES `orders` (`id`) ON DELETE CASCADE,
  CONSTRAINT `fk_order_items_product` FOREIGN KEY (`product_id`) REFERENCES `products` (`id`)
) ENGINE=InnoDB AUTO_INCREMENT=161 DEFAULT CHARSET=utf8mb4 COLLATE=utf8mb4_unicode_ci;
/*!40101 SET character_set_client = @saved_cs_client */;

--
-- Dumping data for table `order_items`
--

LOCK TABLES `order_items` WRITE;
/*!40000 ALTER TABLE `order_items` DISABLE KEYS */;
INSERT INTO `order_items` VALUES (111,34,5,1.000,3500000.00,0.00,0.00,7.00,245000.00,3500000.00),(112,34,121,15.000,50000.00,0.00,0.00,10.00,75000.00,750000.00),(113,34,33,1.000,4400000.00,0.00,0.00,10.00,440000.00,4400000.00),(116,32,121,10.000,50000.00,0.00,0.00,10.00,50000.00,500000.00),(119,35,121,100.000,50000.00,0.00,0.00,10.00,500000.00,5000000.00),(120,35,6,1.000,150000.00,0.00,0.00,10.00,15000.00,150000.00),(126,37,121,1.000,50000.00,0.00,0.00,10.00,5000.00,50000.00),(141,40,121,1.000,50000.00,0.00,0.00,10.00,5000.00,50000.00),(144,38,5,1.000,3500000.00,0.00,0.00,10.00,350000.00,3500000.00),(145,39,121,3.000,50000.00,0.00,0.00,10.00,15000.00,150000.00),(146,39,32,1.000,4200000.00,0.00,0.00,10.00,420000.00,4200000.00),(147,36,121,2.000,50000.00,0.00,0.00,10.00,10000.00,100000.00),(148,36,27,1.000,1000.00,0.00,0.00,10.00,100.00,1000.00),(154,41,43,1.000,1700000.00,10.00,170000.00,10.00,153000.00,1530000.00),(159,42,11,1.000,230000.00,0.00,0.00,10.00,23000.00,230000.00),(160,33,121,10.000,50000.00,0.00,0.00,10.00,50000.00,500000.00);
/*!40000 ALTER TABLE `order_items` ENABLE KEYS */;
UNLOCK TABLES;

--
-- Table structure for table `orders`
--

DROP TABLE IF EXISTS `orders`;
/*!40101 SET @saved_cs_client     = @@character_set_client */;
/*!50503 SET character_set_client = utf8mb4 */;
CREATE TABLE `orders` (
  `id` int(10) unsigned NOT NULL AUTO_INCREMENT,
  `code` varchar(30) NOT NULL COMMENT 'DH-YYYYMMDD-XXXX',
  `customer_id` int(10) unsigned NOT NULL,
  `salesperson_id` int(10) unsigned NOT NULL COMMENT 'Nhân viên tạo đơn',
  `warehouse_id` int(10) unsigned NOT NULL,
  `group_id` int(10) unsigned DEFAULT NULL,
  `source_type` enum('sales','collaborator') NOT NULL DEFAULT 'sales' COMMENT 'sales=bán trực tiếp; collaborator=quản lý là salesperson_id, CTV=collaborator_user_id',
  `collaborator_user_id` int(10) unsigned DEFAULT NULL COMMENT 'CTV khi source_type=collaborator',
  `status` enum('pending','shipping','completed','cancelled') NOT NULL DEFAULT 'pending',
  `shipping_address` text DEFAULT NULL,
  `carrier_service` varchar(100) DEFAULT NULL,
  `shipping_fee` decimal(12,2) NOT NULL DEFAULT 0.00,
  `ship_payer` enum('shop','customer') NOT NULL DEFAULT 'customer' COMMENT 'shop=shop trả ship; customer=khách trả ship (mặc định)',
  `deposit` decimal(15,2) NOT NULL DEFAULT 0.00 COMMENT 'Tiền đặt cọc',
  `customer_collect` decimal(15,2) NOT NULL DEFAULT 0.00 COMMENT 'Thu khách',
  `shop_collect` decimal(15,2) NOT NULL DEFAULT 0.00 COMMENT 'Shop thu',
  `salesperson_absorbed_amount` decimal(15,2) NOT NULL DEFAULT 0.00 COMMENT 'Amount absorbed by salesperson (customer shortfall); deducted from commission later',
  `payment_method` varchar(50) DEFAULT 'cash',
  `subtotal` decimal(15,2) NOT NULL DEFAULT 0.00,
  `discount` decimal(15,2) NOT NULL DEFAULT 0.00 COMMENT 'Giảm giá đơn',
  `tax_amount` decimal(15,2) NOT NULL DEFAULT 0.00,
  `total_amount` decimal(15,2) NOT NULL DEFAULT 0.00,
  `note` text DEFAULT NULL,
  `created_at` datetime NOT NULL DEFAULT current_timestamp(),
  `updated_at` datetime NOT NULL DEFAULT current_timestamp() ON UPDATE current_timestamp(),
  PRIMARY KEY (`id`),
  UNIQUE KEY `code` (`code`),
  KEY `idx_orders_code` (`code`),
  KEY `idx_orders_customer` (`customer_id`),
  KEY `idx_orders_salesperson` (`salesperson_id`),
  KEY `idx_orders_warehouse` (`warehouse_id`),
  KEY `idx_orders_status` (`status`),
  KEY `idx_orders_created_at` (`created_at`),
  KEY `idx_orders_group` (`group_id`),
  KEY `idx_orders_collaborator` (`collaborator_user_id`),
  CONSTRAINT `fk_orders_collaborator_user` FOREIGN KEY (`collaborator_user_id`) REFERENCES `users` (`id`) ON DELETE SET NULL,
  CONSTRAINT `fk_orders_customer` FOREIGN KEY (`customer_id`) REFERENCES `customers` (`id`),
  CONSTRAINT `fk_orders_group` FOREIGN KEY (`group_id`) REFERENCES `groups` (`id`) ON DELETE SET NULL,
  CONSTRAINT `fk_orders_salesperson` FOREIGN KEY (`salesperson_id`) REFERENCES `users` (`id`),
  CONSTRAINT `fk_orders_warehouse` FOREIGN KEY (`warehouse_id`) REFERENCES `warehouses` (`id`)
) ENGINE=InnoDB AUTO_INCREMENT=43 DEFAULT CHARSET=utf8mb4 COLLATE=utf8mb4_unicode_ci;
/*!40101 SET character_set_client = @saved_cs_client */;

--
-- Dumping data for table `orders`
--

LOCK TABLES `orders` WRITE;
/*!40000 ALTER TABLE `orders` DISABLE KEYS */;
INSERT INTO `orders` VALUES (32,'DH-20260409-0001',5,1,1,5,'collaborator',2,'pending','333 nguyễn trường tộ','standard',0.00,'customer',0.00,500000.00,500000.00,0.00,'cash',500000.00,0.00,0.00,500000.00,'','2026-04-09 13:58:23','2026-04-11 09:52:28'),(33,'DH-20260409-0002',7,2,1,5,'collaborator',1,'pending','22','standard',0.00,'customer',0.00,500000.00,500000.00,0.00,'cash',500000.00,0.00,0.00,500000.00,'','2026-04-09 14:24:07','2026-04-11 12:20:57'),(34,'DH-20260409-0003',4,1,1,5,'collaborator',2,'pending','22 h3 dn8','standard',0.00,'customer',0.00,8650000.00,8650000.00,0.00,'cash',8650000.00,0.00,0.00,8650000.00,'','2026-04-09 14:28:12','2026-04-11 09:52:28'),(35,'DH-20260409-0004',7,2,1,5,'collaborator',1,'pending','22','standard',0.00,'customer',0.00,5150000.00,5150000.00,0.00,'cash',5150000.00,0.00,0.00,5150000.00,'','2026-04-09 14:47:44','2026-04-11 09:52:28'),(36,'DH-20260410-0001',5,1,1,6,'collaborator',2,'pending','333 nguyễn trường tộ','standard',14000.00,'customer',0.00,115000.00,101000.00,0.00,'cash',101000.00,0.00,0.00,115000.00,'','2026-04-10 20:35:40','2026-04-11 10:59:10'),(37,'DH-20260410-0002',5,1,1,6,'collaborator',2,'pending','333 nguyễn trường tộ','standard',0.00,'customer',0.00,50000.00,50000.00,0.00,'cash',50000.00,0.00,0.00,50000.00,'','2026-04-10 20:52:50','2026-04-11 09:52:28'),(38,'DH-20260410-0003',5,1,1,6,'collaborator',2,'pending','333 nguyễn trường tộ','standard',100000.00,'customer',0.00,3600000.00,3500000.00,0.00,'cash',3500000.00,0.00,0.00,3600000.00,'Abc xỹ','2026-04-10 21:03:12','2026-04-11 10:34:00'),(39,'DH-20260410-0004',6,1,1,6,'collaborator',2,'pending','222 nguyễn văn , Xã Châu Minh, Huyện Hiệp Hòa, Tỉnh Bắc Giang','standard',20000.00,'customer',1000000.00,3370000.00,3350000.00,100000.00,'cash',4350000.00,0.00,0.00,3370000.00,'','2026-04-10 21:26:04','2026-04-11 10:31:41'),(40,'DH-20260411-0001',7,3,1,6,'sales',NULL,'pending','22','standard',10000.00,'customer',10000.00,50000.00,40000.00,10000.00,'cash',50000.00,0.00,0.00,50000.00,'','2026-04-11 10:24:25','2026-04-11 10:28:28'),(41,'DH-20260411-0002',7,2,1,5,'sales',NULL,'pending','22','standard',0.00,'customer',300000.00,1230000.00,1230000.00,25000.00,'cash',1530000.00,0.00,0.00,1230000.00,'','2026-04-11 12:15:11','2026-04-11 12:18:40'),(42,'DH-20260411-0003',7,2,1,6,'collaborator',1,'pending','22','standard',0.00,'customer',0.00,230000.00,230000.00,0.00,'cash',230000.00,0.00,0.00,230000.00,'','2026-04-11 12:19:18','2026-04-11 12:20:27');
/*!40000 ALTER TABLE `orders` ENABLE KEYS */;
UNLOCK TABLES;

--
-- Table structure for table `products`
--

DROP TABLE IF EXISTS `products`;
/*!40101 SET @saved_cs_client     = @@character_set_client */;
/*!50503 SET character_set_client = utf8mb4 */;
CREATE TABLE `products` (
  `id` int(10) unsigned NOT NULL AUTO_INCREMENT,
  `name` varchar(200) NOT NULL,
  `sku` varchar(50) NOT NULL,
  `category_id` int(10) unsigned DEFAULT NULL,
  `unit` varchar(20) NOT NULL DEFAULT 'Cái',
  `price` decimal(12,2) NOT NULL DEFAULT 0.00 COMMENT 'Giá bán lẻ',
  `cost_price` decimal(12,2) NOT NULL DEFAULT 0.00 COMMENT 'Giá vốn',
  `stock_qty` decimal(10,3) NOT NULL DEFAULT 0.000 COMMENT 'Tổng tồn kho',
  `available_stock` decimal(10,3) NOT NULL DEFAULT 0.000 COMMENT 'Có thể bán',
  `reserved_stock` decimal(10,3) NOT NULL DEFAULT 0.000 COMMENT 'Tạm giữ',
  `low_stock_threshold` decimal(10,3) NOT NULL DEFAULT 10.000 COMMENT 'Cảnh báo hết hàng',
  `weight` decimal(8,2) DEFAULT NULL COMMENT 'gram',
  `length` decimal(8,2) DEFAULT NULL COMMENT 'cm',
  `width` decimal(8,2) DEFAULT NULL COMMENT 'cm',
  `height` decimal(8,2) DEFAULT NULL COMMENT 'cm',
  `description` text DEFAULT NULL,
  `images` longtext CHARACTER SET utf8mb4 COLLATE utf8mb4_bin DEFAULT NULL COMMENT 'Array of image URLs' CHECK (json_valid(`images`)),
  `is_active` tinyint(1) NOT NULL DEFAULT 1,
  `created_at` datetime NOT NULL DEFAULT current_timestamp(),
  PRIMARY KEY (`id`),
  UNIQUE KEY `sku` (`sku`),
  KEY `idx_products_sku` (`sku`),
  KEY `idx_products_category` (`category_id`),
  KEY `idx_products_is_active` (`is_active`),
  KEY `idx_products_stock` (`stock_qty`),
  CONSTRAINT `fk_products_category` FOREIGN KEY (`category_id`) REFERENCES `categories` (`id`) ON DELETE SET NULL
) ENGINE=InnoDB AUTO_INCREMENT=122 DEFAULT CHARSET=utf8mb4 COLLATE=utf8mb4_unicode_ci;
/*!40101 SET character_set_client = @saved_cs_client */;

--
-- Dumping data for table `products`
--

LOCK TABLES `products` WRITE;
/*!40000 ALTER TABLE `products` DISABLE KEYS */;
INSERT INTO `products` VALUES (1,'K K CREMAS (TP)','SKU-1775323218979-84MT',1,'Cái',200000.00,0.00,2795.000,2795.000,0.000,10.000,500.00,2.00,5.00,4.00,'Áo thun cotton cao cấp','[\"https://pos.nvncdn.com/7d9352-120836/ps/20250906_6o7sJkf7YP.jpeg?v=1757128942\"]',1,'2026-04-05 00:20:18'),(2,'SR SỮA ĐỨC (TP)','SKU-1775323219003-QBNC',1,'Cái',90000.00,0.00,0.000,0.000,0.000,10.000,500.00,2.00,5.00,4.00,'Quần jean slim fit',NULL,1,'2026-04-05 00:20:19'),(3,'SR SỮA ĐỨC (L)','SKU-1775323219008-ZE9B',1,'Cái',1600000.00,0.00,0.000,0.000,0.000,10.000,500.00,2.00,5.00,4.00,'','[\"https://pos.nvncdn.com/7d9352-120836/ps/20241031_0leANW7oDU.jpeg?v=1730362317\"]',1,'2026-04-05 00:20:19'),(4,'COMBO BẢO VỆ VÀ NUÔI DƯỠNG DA TIK TOK','SKU-1775323219020-C6HQ',1,'Cái',0.00,0.00,0.000,0.000,0.000,10.000,NULL,2.00,5.00,4.00,'','[\"https://pos.nvncdn.com/7d9352-120836/ps/20241025_tDkuUJubgJ.jpeg?v=1729830764\"]',1,'2026-04-05 00:20:19'),(5,'TINH CHẤT TAN NÁM (LÍT)','SKU-1775323219024-LYNB',1,'Cái',3500000.00,0.00,31.000,29.000,2.000,10.000,500.00,2.00,5.00,4.00,'','[\"https://pos.nvncdn.com/7d9352-120836/ps/20241023_LLDXPjt1Kh.jpeg?v=1729649738\"]',1,'2026-04-05 00:20:19'),(6,'K TR1 TĂNG S.TỐ (TP)','SKU-1775323219027-2SY6',1,'Cái',150000.00,0.00,117.000,116.000,1.000,10.000,500.00,2.00,5.00,4.00,'','[\"https://pos.nvncdn.com/7d9352-120836/ps/20241016_F4S6Q4YcD5.jpeg?v=1729044601\"]',1,'2026-04-05 00:20:19'),(7,'K TR1 TĂNG S.TỐ (KG)','SKU-1775323219029-EFMH',1,'Cái',3700000.00,0.00,26.300,26.300,0.000,10.000,500.00,2.00,5.00,4.00,'','[\"https://pos.nvncdn.com/7d9352-120836/ps/20241016_rZnvBhAldF.jpeg?v=1729044515\"]',1,'2026-04-05 00:20:19'),(8,'K V.I.P MLM ĐỎ (TP)','SKU-1775323219032-IQ6S',1,'Cái',230000.00,0.00,0.000,0.000,0.000,10.000,500.00,2.00,5.00,4.00,'','[\"https://pos.nvncdn.com/7d9352-120836/ps/20241010_NjvhUrrJST.jpeg?v=1728536889\"]',1,'2026-04-05 00:20:19'),(9,'TC MEN BIA (TP)','SKU-1775323219034-BTP1',1,'Cái',150000.00,0.00,0.000,0.000,0.000,10.000,500.00,2.00,5.00,4.00,'','[\"https://pos.nvncdn.com/7d9352-120836/ps/20240918_xSBkVh7Hns.jpeg?v=1726664878\"]',1,'2026-04-05 00:20:19'),(10,'TC MEN BIA (L)','SKU-1775323219037-KLWH',1,'Cái',3800000.00,0.00,0.000,0.000,0.000,10.000,500.00,2.00,5.00,4.00,'','[\"https://pos.nvncdn.com/7d9352-120836/ps/20240918_cMNnYwpDiZ.jpeg?v=1726622180\"]',1,'2026-04-05 00:20:19'),(11,'SR G PERFECT (TP)','SKU-1775323219040-N8V5',1,'Cái',230000.00,0.00,3461.000,3460.000,1.000,10.000,500.00,2.00,5.00,4.00,'','[\"https://pos.nvncdn.com/7d9352-120836/ps/20240831_muU0gLIv2s.jpeg?v=1725094544\"]',1,'2026-04-05 00:20:19'),(12,'SR P.HỒI 7H (TP)','SKU-1775323219042-VLAM',1,'Cái',100000.00,0.00,135.000,135.000,0.000,10.000,500.00,2.00,5.00,4.00,'','[\"https://pos.nvncdn.com/7d9352-120836/ps/20240820_N0NaV5wJ9F.jpeg?v=1724140836\"]',1,'2026-04-05 00:20:19'),(13,'K DAY CẶP TR1 N6M SAFFRON (KG)','SKU-1775323219045-YR60',1,'Cái',2100000.00,0.00,1.500,1.500,0.000,10.000,500.00,2.00,5.00,4.00,'','[\"https://pos.nvncdn.com/7d9352-120836/ps/20240808_NLsByWuiVC.jpeg?v=1723087254\"]',1,'2026-04-05 00:20:19'),(14,'SR G PERFECT (L)','SKU-1775323219047-43KI',1,'Cái',0.00,0.00,31.000,31.000,0.000,10.000,NULL,2.00,5.00,4.00,'','[\"https://pos.nvncdn.com/7d9352-120836/ps/20240802_BMhrGtvB3j.jpeg?v=1722582716\"]',1,'2026-04-05 00:20:19'),(15,'K CALMING CREME (KG)','SKU-1775323219049-8YGS',1,'Cái',0.00,0.00,0.000,0.000,0.000,10.000,NULL,2.00,5.00,4.00,'','[\"https://pos.nvncdn.com/7d9352-120836/ps/20240802_aNKAF4CMXq.jpeg?v=1722582650\"]',1,'2026-04-05 00:20:19'),(16,'SR THẢO MỘC (L)','SKU-1775323219052-MRQU',1,'Cái',0.00,0.00,40.500,39.500,1.000,10.000,500.00,2.00,5.00,4.00,'',NULL,1,'2026-04-05 00:20:19'),(17,'Serum dưỡng - Reskin - Chai 500ml','SKU-1775323219054-YYXK',1,'Cái',1900000.00,0.00,0.000,0.000,0.000,10.000,500.00,2.00,5.00,4.00,'','[\"https://pos.nvncdn.com/7d9352-120836/ps/20250517_jwDGuZuyi1.jpeg?v=1747473992\"]',1,'2026-04-05 00:20:19'),(18,'K N6M VIP VÀNG (KG)','SKU-1775323219056-DVLB',1,'Cái',2300000.00,0.00,0.000,0.000,0.000,10.000,500.00,2.00,5.00,4.00,'','[\"https://pos.nvncdn.com/7d9352-120836/ps/20240531_qko7hrPzUs.jpeg?v=1717139361\"]',1,'2026-04-05 00:20:19'),(19,'TUÝP RENEWAL CREAM (TP)','SKU-1775323219059-GG1P',1,'Cái',250000.00,0.00,570.000,570.000,0.000,10.000,500.00,2.00,5.00,4.00,'','[\"https://pos.nvncdn.com/7d9352-120836/ps/20240515_b2JnIwxQJH.jpeg?v=1715752725\"]',1,'2026-04-05 00:20:19'),(20,'K SKINREVIVE (KG)','SKU-1775323219061-L2IQ',1,'Cái',4500000.00,0.00,7.300,7.300,0.000,10.000,500.00,2.00,5.00,4.00,'','[\"https://pos.nvncdn.com/7d9352-120836/ps/20240514_BzL1FMpwDI.jpeg?v=1715661088\"]',1,'2026-04-05 00:20:19'),(21,'K SKINREVIVE (TP)','SKU-1775323219063-RSZG',1,'Cái',160000.00,0.00,1706.000,1706.000,0.000,10.000,500.00,2.00,5.00,4.00,'','[\"https://pos.nvncdn.com/7d9352-120836/ps/20240512_KWDhMuofgk.jpeg?v=1715510534\"]',1,'2026-04-05 00:20:19'),(22,'COMBO SRM SÂM + KCN SUN BLOCK + TUÝP TRỊ THÂM MỤN CẤP TỐC','SKU-1775323219065-FSRN',1,'Cái',299000.00,0.00,0.000,0.000,0.000,10.000,NULL,2.00,5.00,4.00,'',NULL,1,'2026-04-05 00:20:19'),(23,'COMBO SRM SÂM + TUÝP TRỊ THÂM MỤN CẤP','SKU-1775323219068-L3BB',1,'Cái',199000.00,0.00,0.000,0.000,0.000,10.000,NULL,2.00,5.00,4.00,'',NULL,1,'2026-04-05 00:20:19'),(24,'HỦ MỜ SẸO đã xl','SKU-1775323219070-YV44',1,'Cái',0.00,0.00,463.500,463.500,0.000,10.000,500.00,2.00,5.00,4.00,'','[\"https://pos.nvncdn.com/7d9352-120836/ps/20250718_Aq3QCqnexq.jpeg?v=1752803854\"]',1,'2026-04-05 00:20:19'),(25,'SR SUPPER MESO (TP)','SKU-1775323219072-ZNMY',1,'Cái',180000.00,0.00,3084.000,3084.000,0.000,10.000,500.00,2.00,5.00,4.00,'','[\"https://pos.nvncdn.com/7d9352-120836/ps/20231103_Dpwy9dag1H.jpeg?v=1699001166\"]',1,'2026-04-05 00:20:19'),(26,'SR TC P.HỒI NSK (TP)','SKU-1775323219075-2IOT',1,'Cái',170000.00,0.00,1050.000,1050.000,0.000,10.000,500.00,2.00,5.00,4.00,'','[\"https://pos.nvncdn.com/7d9352-120836/ps/20231101_Zerdd1tWLV.jpeg?v=1698825149\"]',1,'2026-04-05 00:20:19'),(27,'Kem Chống Nắng SK - PRO SUNBLOCK - Túi 500gr','SKU-1775323219078-EW2M',1,'Cái',0.00,0.00,1567.000,1566.000,1.000,10.000,500.00,2.00,5.00,4.00,'','[\"https://pos.nvncdn.com/7d9352-120836/ps/20250516_KvepN4rEII.jpeg?v=1747392859\"]',1,'2026-04-05 00:20:19'),(28,'K HÚT CHÂN N6M (TP)','SKU-1775323219080-DZGL',1,'Cái',100000.00,0.00,1522.000,1522.000,0.000,10.000,500.00,2.00,5.00,4.00,'','[\"https://pos.nvncdn.com/7d9352-120836/ps/20231011_aFMNCotPgT.jpeg?v=1697023280\"]',1,'2026-04-05 00:20:19'),(29,'K HÚT CHÂN N6M (KG)','SKU-1775323219082-RRR1',1,'Cái',2800000.00,0.00,35.000,35.000,0.000,10.000,500.00,2.00,5.00,4.00,'','[\"https://pos.nvncdn.com/7d9352-120836/ps/20231010_sWy6BW9cXl.jpeg?v=1696910234\"]',1,'2026-04-05 00:20:19'),(30,'K SIÊU U.CHẾ (TP)','SKU-1775323219084-TQLP',1,'Cái',100000.00,0.00,25.000,25.000,0.000,10.000,500.00,2.00,5.00,4.00,'',NULL,1,'2026-04-05 00:20:19'),(31,'Kem Chống Nắng SK - PRO SUNBLOCK - Túi 1kg','SKU-1775323219086-Y0Z2',1,'Cái',0.00,0.00,39.000,39.000,0.000,10.000,500.00,2.00,5.00,4.00,'','[\"https://pos.nvncdn.com/7d9352-120836/ps/20250516_VnD8MkaWoZ.jpeg?v=1747392951\"]',1,'2026-04-05 00:20:19'),(32,'Kem K Dưỡng Da - Hủ 500gr','SKU-1775323219087-5AQS',1,'Cái',4200000.00,0.00,236.000,235.000,1.000,10.000,500.00,2.00,5.00,4.00,'','[\"https://pos.nvncdn.com/7d9352-120836/ps/20251108_diAfIRl77e.jpeg?v=1762595478\"]',1,'2026-04-05 00:20:19'),(33,'K NIGHT CẶP DEMEJ (KG)','SKU-1775323219090-AHCO',1,'Cái',4400000.00,0.00,19.500,18.500,1.000,10.000,500.00,2.00,5.00,4.00,'',NULL,1,'2026-04-05 00:20:19'),(34,'Kem nám SK- PRO PUREVÉLA WHITENING 1 (TP)','SKU-1775323219092-JP3S',1,'Cái',350000.00,0.00,0.000,0.000,0.000,10.000,500.00,2.00,5.00,4.00,'','[\"https://pos.nvncdn.com/7d9352-120836/ps/20250825_wDazEvbYoY.jpeg?v=1756114389\"]',1,'2026-04-05 00:20:19'),(35,'K DAY CẶP DEMEJ (KG)','SKU-1775323219094-GZ1H',1,'Cái',3500000.00,0.00,10.500,10.500,0.000,10.000,500.00,2.00,5.00,4.00,'','[\"https://pos.nvncdn.com/7d9352-120836/ps/20230831_SURQRnKBGx.jpeg?v=1693455816\"]',1,'2026-04-05 00:20:19'),(36,'CẶP K DEMEJ (TP)','SKU-1775323219096-ZJ9E',1,'Cái',390000.00,0.00,3447.000,3447.000,0.000,10.000,500.00,2.00,5.00,4.00,'','[\"https://pos.nvncdn.com/7d9352-120836/ps/20230822_ybvWSoxJkO.jpeg?v=1692695412\"]',1,'2026-04-05 00:20:19'),(37,'CAO SEOJ ĐỨC (KG)','SKU-1775323219098-JSGU',1,'Cái',2200000.00,0.00,106.000,106.000,0.000,10.000,500.00,2.00,5.00,4.00,'','[\"https://pos.nvncdn.com/7d9352-120836/ps/20230812_vlSEKPjIrQ.jpeg?v=1691823595\"]',1,'2026-04-05 00:20:19'),(38,'CAO SEOJ ĐỨC (TP)','SKU-1775323219100-9T98',1,'Cái',100000.00,0.00,327.000,326.000,1.000,10.000,500.00,2.00,5.00,4.00,'','[\"https://pos.nvncdn.com/7d9352-120836/ps/20230811_1NtldqXOEv.jpeg?v=1691730388\"]',1,'2026-04-05 00:20:19'),(39,'SRM CELONA','SKU-1775323219102-ML6U',1,'Cái',0.00,0.00,911.800,911.800,0.000,10.000,500.00,2.00,5.00,4.00,'','[\"https://pos.nvncdn.com/7d9352-120836/ps/20250724_1luSsnTKKk.jpeg?v=1753322099\"]',1,'2026-04-05 00:20:19'),(40,'SRM SÂM CELONA (TP)','SKU-1775323219104-LI5T',1,'Cái',210000.00,0.00,1065.000,1065.000,0.000,10.000,500.00,2.00,5.00,4.00,'','[\"https://pos.nvncdn.com/7d9352-120836/ps/20250802_5RH1gyktIs.jpeg?v=1754096636\"]',1,'2026-04-05 00:20:19'),(41,'SRM T.DƯỢC MIRESA (TP)','SKU-1775323219107-BIXN',1,'Cái',120000.00,0.00,2821.000,2821.000,0.000,10.000,500.00,2.00,5.00,4.00,'','[\"https://pos.nvncdn.com/7d9352-120836/ps/20230810_xadABQGOmm.jpeg?v=1691677089\"]',1,'2026-04-05 00:20:19'),(42,'HỦ K MASSAGE','SKU-1775323219109-YLAE',1,'Cái',0.00,0.00,616.000,616.000,0.000,10.000,500.00,2.00,5.00,4.00,'','[\"https://pos.nvncdn.com/7d9352-120836/ps/20250715_OKExefffdM.jpeg?v=1752547734\"]',1,'2026-04-05 00:20:19'),(43,'Kem Dưỡng Da Hoa Nhài - Hủ 500gr','SKU-1775323219111-BJZI',1,'Cái',1700000.00,0.00,193.000,192.000,1.000,10.000,500.00,2.00,5.00,4.00,'','[\"https://pos.nvncdn.com/7d9352-120836/ps/20250926_5TqZmjlDeJ.jpeg?v=1758867581\"]',1,'2026-04-05 00:20:19'),(44,'Sữa Rửa Mặt Sâm SKPRO - Hộp 100ml','SKU-1775323219113-TDUT',1,'Cái',110000.00,0.00,7394.000,7394.000,0.000,10.000,500.00,2.00,5.00,4.00,'','[\"https://pos.nvncdn.com/7d9352-120836/ps/20250926_NxcRYHGu99.jpeg?v=1758880990\"]',1,'2026-04-05 00:20:19'),(45,'Kem Mờ Sẹo Collagen - túi 500gr (trắng)','SKU-1775323219116-HWSC',1,'Cái',0.00,0.00,100.000,100.000,0.000,10.000,500.00,2.00,5.00,4.00,'','[\"https://pos.nvncdn.com/7d9352-120836/ps/20250506_r3VFgL0fMN.jpeg?v=1746514723\"]',1,'2026-04-05 00:20:19'),(46,'Gel Ủ Huyết Yến - Gói 100ml','SKU-1775323219118-COW1',1,'Cái',70000.00,0.00,4808.000,4808.000,0.000,10.000,500.00,2.00,5.00,4.00,'','[\"https://pos.nvncdn.com/7d9352-120836/ps/20251022_ZMEVWGVGN7.jpeg?v=1761102537\"]',1,'2026-04-05 00:20:19'),(47,'Sản phẩm mẫu','SKU-1775323219120-H2XD',1,'Cái',0.00,0.00,8.500,8.500,0.000,10.000,500.00,2.00,5.00,4.00,'',NULL,1,'2026-04-05 00:20:19'),(48,'K T.DƯỢC ORGANIC (KG)','SKU-1775323219122-XGHL',1,'Cái',9500000.00,0.00,110.100,110.100,0.000,10.000,500.00,2.00,5.00,4.00,'','[\"https://pos.nvncdn.com/7d9352-120836/ps/20230802_6VWYy7Ebmp.jpeg?v=1690961556\"]',1,'2026-04-05 00:20:19'),(49,'CP K T.DƯỢC + NƯỚC M.ONG (TP)','SKU-1775323219125-I3CP',1,'Cái',350000.00,0.00,0.000,0.000,0.000,10.000,NULL,2.00,5.00,4.00,'','[\"https://pos.nvncdn.com/7d9352-120836/ps/20230725_ie156VsWK1.jpeg?v=1690251222\"]',1,'2026-04-05 00:20:19'),(50,'COMPO KEM CHỐNG NẮNG SUNBLOCK + SỮA RỬA MẶT HỒNG SÂM (TP)','SKU-1775323219127-XPTW',1,'Cái',219000.00,0.00,-1.000,0.000,0.000,10.000,NULL,2.00,5.00,4.00,'','[\"https://pos.nvncdn.com/7d9352-120836/ps/20230717_8MTALzw9Nm.jpeg?v=1689571663\"]',1,'2026-04-05 00:20:19'),(51,'khuôn mẫu','SKU-1775323219130-B4ST',1,'Cái',0.00,0.00,6155.000,6155.000,0.000,10.000,10.00,2.00,5.00,4.00,'',NULL,1,'2026-04-05 00:20:19'),(52,'TBG LIGHTENING (TP)','SKU-1775323219132-10EN',1,'Cái',170000.00,0.00,2854.000,2854.000,0.000,10.000,500.00,2.00,5.00,4.00,'','[\"https://pos.nvncdn.com/7d9352-120836/ps/20230704_oaVY1pqfLi.jpeg?v=1688449435\"]',1,'2026-04-05 00:20:19'),(53,'KỲ MẶT CAFE','SKU-1775323219133-JXLF',1,'Cái',0.00,0.00,557.000,557.000,0.000,10.000,500.00,2.00,5.00,4.00,'','[\"https://pos.nvncdn.com/7d9352-120836/ps/20250712_x5SlYxo8ht.jpeg?v=1752296954\"]',1,'2026-04-05 00:20:19'),(54,'TUÝP BD PERASKIN đã xl','SKU-1775323219135-IDAI',1,'Cái',0.00,0.00,270.500,270.500,0.000,10.000,500.00,2.00,5.00,4.00,'','[\"https://pos.nvncdn.com/7d9352-120836/ps/20250714_Ju6dXOy8mt.jpeg?v=1752479694\"]',1,'2026-04-05 00:20:19'),(55,'Kem Mờ Sẹo Collagen - túi 500gr','SKU-1775323219137-NUPT',1,'Cái',0.00,0.00,149.000,149.000,0.000,10.000,500.00,2.00,5.00,4.00,'','[\"https://pos.nvncdn.com/7d9352-120836/ps/20250516_iUlQQPgwqE.jpeg?v=1747378640\"]',1,'2026-04-05 00:20:19'),(56,'VNL 2 LỚP (TP)','SKU-1775323219140-2T3M',1,'Cái',180000.00,0.00,103.000,103.000,0.000,10.000,500.00,2.00,5.00,4.00,'','[\"https://pos.nvncdn.com/7d9352-120836/ps/20230421_fseh06eccn.jpeg?v=1682075178\"]',1,'2026-04-05 00:20:19'),(57,'PE HÀN (L)','SKU-1775323219142-8I3K',1,'Cái',12000000.00,0.00,6.000,6.000,0.000,10.000,500.00,2.00,5.00,4.00,'','[\"https://pos.nvncdn.com/7d9352-120836/ps/20230421_82moTnoSvE.jpeg?v=1682060617\"]',1,'2026-04-05 00:20:19'),(58,'PE HÀN (TP)','SKU-1775323219145-PM02',1,'Cái',150000.00,0.00,2049.000,2049.000,0.000,10.000,500.00,2.00,5.00,4.00,'','[\"https://pos.nvncdn.com/7d9352-120836/ps/20230420_5vBRgJdov3.jpeg?v=1681956463\"]',1,'2026-04-05 00:20:19'),(59,'hàng thử','SKU-1775323219146-JE45',1,'Cái',0.00,0.00,5862.000,5862.000,0.000,10.000,500.00,2.00,5.00,4.00,'',NULL,1,'2026-04-05 00:20:19'),(60,'SR K.SINH M5N KO MÙI (TP)','SKU-1775323219148-S9EI',1,'Cái',150000.00,0.00,730.000,730.000,0.000,10.000,500.00,2.00,5.00,4.00,'','[\"https://pos.nvncdn.com/7d9352-120836/ps/20230415_RvxeQ7kZrx.jpeg?v=1681529961\"]',1,'2026-04-05 00:20:19'),(61,'RETINOL PLUS - Chai 500ml','SKU-1775323219150-M68I',1,'Cái',1600000.00,0.00,296.000,296.000,0.000,10.000,500.00,2.00,5.00,4.00,'','[\"https://pos.nvncdn.com/7d9352-120836/ps/20251203_FOWbrNqTSY.jpeg?v=1764768739\"]',1,'2026-04-05 00:20:19'),(62,'TUÝP TR1 M5N đã xl','SKU-1775323219152-CJFE',1,'Cái',0.00,0.00,1211.000,1211.000,0.000,10.000,500.00,2.00,5.00,4.00,'','[\"https://pos.nvncdn.com/7d9352-120836/ps/20250714_E7Q17EfGgY.jpeg?v=1752480722\"]',1,'2026-04-05 00:20:19'),(63,'SR VI LỤC Đ.TẦNG (TP)','SKU-1775323219154-UQEO',1,'Cái',240000.00,0.00,81.000,81.000,0.000,10.000,500.00,2.00,5.00,4.00,'','[\"https://pos.nvncdn.com/7d9352-120836/ps/20230306_cJ3hYnrbZTtkXGKD.jpeg?v=1678069431\"]',1,'2026-04-05 00:20:19'),(64,'SR VI LỤC Đ.TẦNG (L)','SKU-1775323219156-QYG6',1,'Cái',3000000.00,0.00,37.000,37.000,0.000,10.000,500.00,2.00,5.00,4.00,'','[\"https://pos.nvncdn.com/7d9352-120836/ps/20230421_Yu9XAtyAei.jpeg?v=1682059304\"]',1,'2026-04-05 00:20:19'),(65,'SR HEALTHY SKIN (L)','SKU-1775323219159-GJ4P',1,'Cái',3400000.00,0.00,53.500,53.500,0.000,10.000,500.00,2.00,5.00,4.00,'','[\"https://pos.nvncdn.com/7d9352-120836/ps/20230421_D8jfDVUg47.jpeg?v=1682060935\"]',1,'2026-04-05 00:20:19'),(66,'SR SAFRON (TP)','SKU-1775323219161-5BFI',1,'Cái',160000.00,0.00,267.000,267.000,0.000,10.000,500.00,2.00,5.00,4.00,'','[\"https://pos.nvncdn.com/7d9352-120836/ps/20251016_eojyoxQnJw.jpeg?v=1760594570\"]',1,'2026-04-05 00:20:19'),(67,'MẶT NẠ ĐÁ LẠNH DƯỠNG DA - Chai 500ml','SKU-1775323219163-32MM',1,'Cái',300000.00,0.00,377.000,377.000,0.000,10.000,500.00,2.00,5.00,4.00,'','[\"https://pos.nvncdn.com/7d9352-120836/ps/20251015_uhf0dCI305.jpeg?v=1760489795\"]',1,'2026-04-05 00:20:19'),(68,'K PE X5 (KG)','SKU-1775323219164-DPFS',1,'Cái',2600000.00,0.00,51.500,51.500,0.000,10.000,500.00,2.00,5.00,4.00,'','[\"https://pos.nvncdn.com/7d9352-120836/ps/20230421_7ezNHkL8kv.jpeg?v=1682061184\"]',1,'2026-04-05 00:20:19'),(69,'K B.NGỌC VIP LÊN MEN (KG)','SKU-1775323219166-IUTX',1,'Cái',14000000.00,0.00,132.500,132.500,0.000,10.000,500.00,2.00,5.00,4.00,'','[\"https://pos.nvncdn.com/7d9352-120836/ps/20221219_BAAXeWEMk8kl6xqQ5ZEePjtT.jpg?v=1673923102\"]',1,'2026-04-05 00:20:19'),(70,'K B.NGỌC VIP LÊN MEN (TP)','SKU-1775323219168-27CB',1,'Cái',330000.00,0.00,5237.000,5237.000,0.000,10.000,500.00,2.00,5.00,4.00,'','[\"https://pos.nvncdn.com/7d9352-120836/ps/20251231_7poFXFSWHp.jpeg?v=1767168545\"]',1,'2026-04-05 00:20:19'),(71,'TR1 TĂNG S.TỐ (TP)','SKU-1775323219169-2TNI',1,'Cái',0.00,0.00,193.000,193.000,0.000,10.000,500.00,2.00,5.00,4.00,'','[\"https://pos.nvncdn.com/7d9352-120836/ps/20260320_ymYnCPWYFp.jpeg?v=1773989850\"]',1,'2026-04-05 00:20:19'),(72,'K Y BẢN VIP (KG)','SKU-1775323219171-NG29',1,'Cái',3500000.00,0.00,57.500,57.500,0.000,10.000,500.00,2.00,5.00,4.00,'','[\"https://pos.nvncdn.com/7d9352-120836/ps/20221207_aSps5d22ox0Nbpsmvld4hCZV.jpg?v=1673932216\"]',1,'2026-04-05 00:20:19'),(73,'SR HEALTHY SKIN (TP)','SKU-1775323219173-JQ29',1,'Cái',190000.00,0.00,1378.000,1378.000,0.000,10.000,500.00,2.00,5.00,4.00,'','[\"https://pos.nvncdn.com/7d9352-120836/ps/20221205_RYFsLaikx1OjKtZPvJwfPLZb.jpg?v=1673933077\"]',1,'2026-04-05 00:20:19'),(74,'K PE X5 (TP)','SKU-1775323219179-ZNJV',1,'Cái',180000.00,0.00,1206.000,1206.000,0.000,10.000,500.00,2.00,5.00,4.00,'','[\"https://pos.nvncdn.com/7d9352-120836/ps/20221204_GqfpLwXtQTdaDlVmrstBLeef.jpg?v=1673934058\"]',1,'2026-04-05 00:20:19'),(75,'NƯỚC TR1 SEOJ (TP)','SKU-1775323219181-GAN0',1,'Cái',80000.00,0.00,633.000,633.000,0.000,10.000,500.00,2.00,5.00,4.00,'','[\"https://pos.nvncdn.com/7d9352-120836/ps/20230421_P3NNP7Ajg5.jpeg?v=1682058953\"]',1,'2026-04-05 00:20:19'),(76,'NƯỚC TR1 SEOJ (L)','SKU-1775323219183-WA2M',1,'Cái',2500000.00,0.00,26.500,26.500,0.000,10.000,500.00,2.00,5.00,4.00,'','[\"https://pos.nvncdn.com/7d9352-120836/ps/20221203_VCu3kpzRryduQy8LWKQK4z3z.jpg?v=1673934364\"]',1,'2026-04-05 00:20:19'),(77,'CẶP TR1 N6M SAFFRON (TP)','SKU-1775323219185-JDXJ',1,'Cái',360000.00,0.00,1195.000,1195.000,0.000,10.000,500.00,2.00,5.00,4.00,'','[\"https://pos.nvncdn.com/7d9352-120836/ps/20221201_gJ6xMHeKpk6ihfuV8GtcSVEL.jpg?v=1673935084\"]',1,'2026-04-05 00:20:19'),(78,'HST TẢO (L)','SKU-1775323219187-O4VR',1,'Cái',3500000.00,0.00,17.000,17.000,0.000,10.000,20.00,2.00,5.00,4.00,'','[\"https://pos.nvncdn.com/7d9352-120836/ps/20221118_cNA7FTwGrlgZGhcaCGbllIgf.jpg?v=1673942139\"]',1,'2026-04-05 00:20:19'),(79,'K TẢO (TP)','SKU-1775323219189-2T9M',1,'Cái',180000.00,0.00,2308.000,2308.000,0.000,10.000,20.00,2.00,5.00,4.00,'','[\"https://pos.nvncdn.com/7d9352-120836/ps/20221117_ax8dnLdW6CJ4KItInZfxFInO.jpg?v=1673942835\"]',1,'2026-04-05 00:20:19'),(80,'K HOA NHÀI (TP)','SKU-1775323219192-I3VO',1,'Cái',215000.00,0.00,1000.000,1000.000,0.000,10.000,20.00,2.00,5.00,4.00,'','[\"https://pos.nvncdn.com/7d9352-120836/ps/20221115_HH2nh8BHKp64eEadLQ2pyefb.jpg?v=1673943942\"]',1,'2026-04-05 00:20:19'),(81,'TR1 TĂNG MIX COLLAGEN (TP)','SKU-1775323219194-G299',1,'Cái',100000.00,0.00,2744.000,2744.000,0.000,10.000,20.00,2.00,5.00,4.00,'','[\"https://pos.nvncdn.com/7d9352-120836/ps/20221111_EzHpWxvCkoo6OzEOAKGIGdyc.jpg?v=1673945305\"]',1,'2026-04-05 00:20:19'),(82,'TBG ĐỨC (TP)','SKU-1775323219196-ANBE',1,'Cái',210000.00,0.00,2697.000,2697.000,0.000,10.000,500.00,2.00,5.00,4.00,'','[\"https://pos.nvncdn.com/7d9352-120836/ps/20221108_US7Nn2IKeiDLnpysoV2Qn3kT.jpg?v=1673946584\"]',1,'2026-04-05 00:20:19'),(83,'SR ARBUTIN 7% (TP)','SKU-1775323219197-H27G',1,'Cái',170000.00,0.00,2453.000,2453.000,0.000,10.000,500.00,2.00,5.00,4.00,'','[\"https://pos.nvncdn.com/7d9352-120836/ps/20221105_TVLTPpxtAnB14zIMXQTE6po7.jpg?v=1673948094\"]',1,'2026-04-05 00:20:19'),(84,'TBG ĐỨC (L)','SKU-1775323219199-C1FE',1,'Cái',3500000.00,0.00,626.100,626.100,0.000,10.000,500.00,2.00,5.00,4.00,'','[\"https://pos.nvncdn.com/7d9352-120836/ps/20230802_SDBvgOIlDe.jpeg?v=1690961472\"]',1,'2026-04-05 00:20:19'),(85,'K SIÊU N6M DIMALIER (KG)','SKU-1775323219201-JV68',1,'Cái',3000000.00,0.00,75.100,75.100,0.000,10.000,500.00,2.00,5.00,4.00,'','[\"https://pos.nvncdn.com/7d9352-120836/ps/20221013_337tBo5Qn3hJhIg6mDdmYOBu.jpg?v=1673974046\"]',1,'2026-04-05 00:20:19'),(86,'K BẠCH D.LỤC (TP)','SKU-1775323219203-DCJD',1,'Cái',290000.00,0.00,1140.000,1140.000,0.000,10.000,500.00,2.00,5.00,4.00,'','[\"https://pos.nvncdn.com/7d9352-120836/ps/20250916_QkMnHz9cVD.jpeg?v=1758001161\"]',1,'2026-04-05 00:20:19'),(87,'K BẠCH D.LỤC (KG)','SKU-1775323219205-Y7J9',1,'Cái',2800000.00,0.00,79.500,79.500,0.000,10.000,500.00,2.00,5.00,4.00,'','[\"https://pos.nvncdn.com/7d9352-120836/ps/20220919_jkovf3iSWYjoA58lXd9nZPJm.jpg?v=1674008172\"]',1,'2026-04-05 00:20:19'),(88,'RETINOL PLUS - Hộp 10ml','SKU-1775323219208-FCNN',1,'Cái',170000.00,0.00,4357.000,4357.000,0.000,10.000,500.00,2.00,5.00,4.00,'','[\"https://pos.nvncdn.com/7d9352-120836/ps/20251203_B3eObV7BD1.jpeg?v=1764746527\"]',1,'2026-04-05 00:20:19'),(89,'SR ARBUTIN 7% (L)','SKU-1775323219210-ZDD6',1,'Cái',2500000.00,0.00,25.000,25.000,0.000,10.000,500.00,2.00,5.00,4.00,'','[\"https://pos.nvncdn.com/7d9352-120836/ps/20220718_GOl7P31EJmRK58BnvcTMtfB7.jpg?v=1674063163\"]',1,'2026-04-05 00:20:19'),(90,'RETINOL SỮA GẠO (TP)','SKU-1775323219212-YFDT',1,'Cái',150000.00,0.00,269.000,269.000,0.000,10.000,500.00,2.00,5.00,4.00,'','[\"https://pos.nvncdn.com/7d9352-120836/ps/20220718_RIHRuqsKYToSPVYcAHleXXAE.jpg?v=1674063327\"]',1,'2026-04-05 00:20:19'),(91,'CAO LÁ NAM (TP)','SKU-1775323219214-F3OC',1,'Cái',90000.00,0.00,921.000,921.000,0.000,10.000,500.00,2.00,5.00,4.00,'','[\"https://pos.nvncdn.com/7d9352-120836/ps/20230421_NRCfzpSSgK.jpeg?v=1682059356\"]',1,'2026-04-05 00:20:19'),(92,'SET TT NANO','SKU-1775323219215-3U3W',1,'Cái',80000.00,0.00,0.000,0.000,0.000,10.000,NULL,2.00,5.00,4.00,'','[\"https://pos.nvncdn.com/7d9352-120836/ps/20220711_FUsmHkhlYZC75OmrCF5VaH4Z.jpg?v=1674066846\"]',1,'2026-04-05 00:20:19'),(93,'GÓI NANO (TP)','SKU-1775323219217-8JZ2',1,'Cái',0.00,0.00,8243.000,8243.000,0.000,10.000,500.00,2.00,5.00,4.00,'',NULL,1,'2026-04-05 00:20:19'),(94,'GÓI THAN (TP)','SKU-1775323219219-VW9P',1,'Cái',0.00,0.00,2836.000,2836.000,0.000,10.000,500.00,2.00,5.00,4.00,'',NULL,1,'2026-04-05 00:20:19'),(95,'GÓI HUYẾT YẾN trong set tt (TP) mn ko bấm vào sp này','SKU-1775323219220-RVFP',1,'Cái',0.00,0.00,11459.000,11459.000,0.000,10.000,500.00,2.00,5.00,4.00,'',NULL,1,'2026-04-05 00:20:19'),(96,'GÓI BỘT KÍCH TRẮNG (TP)','SKU-1775323219222-3BO3',1,'Cái',0.00,0.00,11275.000,11275.000,0.000,10.000,500.00,2.00,5.00,4.00,'',NULL,1,'2026-04-05 00:20:19'),(97,'GÓI ZAVA (TP)','SKU-1775323219225-Y8L7',1,'gói',0.00,0.00,11275.000,11275.000,0.000,10.000,500.00,2.00,5.00,4.00,'',NULL,1,'2026-04-05 00:20:19'),(98,'CAO LÁ NAM (L)','SKU-1775323219227-6ORE',1,'Cái',2000000.00,0.00,39.900,39.900,0.000,10.000,500.00,2.00,5.00,4.00,'','[\"https://pos.nvncdn.com/7d9352-120836/ps/20220704_f0wUaq8rqKhs0udxkYfVn3Wg.jpg?v=1674074364\"]',1,'2026-04-05 00:20:19'),(99,'ZAVA (KG)','SKU-1775323219229-J3TZ',1,'Cái',0.00,0.00,35.000,35.000,0.000,10.000,10.00,2.00,5.00,4.00,'',NULL,1,'2026-04-05 00:20:19'),(100,'K U.CHẾ VIP VÀNG (KG)','SKU-1775323219231-51FK',1,'Cái',2600000.00,0.00,278.500,278.500,0.000,10.000,10.00,2.00,5.00,4.00,'','[\"https://pos.nvncdn.com/7d9352-120836/ps/20220623_SwiKGbRO4i22Jor55sTGJNek.jpg?v=1674078534\"]',1,'2026-04-05 00:20:19'),(101,'RETINOL SỮA GẠO (L)','SKU-1775323219232-5OTQ',1,'Cái',2000000.00,0.00,18.900,18.900,0.000,10.000,10.00,2.00,5.00,4.00,'','[\"https://pos.nvncdn.com/7d9352-120836/ps/20220620_WyLx8ycdBQjGy8498UPXapno.jpg?v=1674092858\"]',1,'2026-04-05 00:20:19'),(102,'SR TR1 M5N LƯNG (TP)','SKU-1775323219234-3HBB',1,'Cái',140000.00,0.00,586.000,586.000,0.000,10.000,10.00,2.00,5.00,4.00,'','[\"https://pos.nvncdn.com/7d9352-120836/ps/20220614_PonssJkjSZ9U7IJCTTQ2qsRy.jpg?v=1674095133\"]',1,'2026-04-05 00:20:19'),(103,'SR THẢI COR (TP)','SKU-1775323219236-BVLN',1,'Cái',190000.00,0.00,656.000,656.000,0.000,10.000,10.00,2.00,5.00,4.00,'','[\"https://pos.nvncdn.com/7d9352-120836/ps/20220614_NGOFf2AVk3OQX3aKxQ3SKHtr.jpg?v=1674095133\"]',1,'2026-04-05 00:20:19'),(104,'VNL 7 DAY (TP)','SKU-1775323219237-U0CS',1,'Cái',190000.00,0.00,1127.000,1127.000,0.000,10.000,10.00,2.00,5.00,4.00,'','[\"https://bucket.nhanh.vn/store4/120836/ps/20220920/20092022100935_img_20220920_224058.jpg\"]',1,'2026-04-05 00:20:19'),(105,'T.Đ.DA ORGANIC (TP)','SKU-1775323219240-HKIR',1,'Cái',130000.00,0.00,347.000,347.000,0.000,10.000,10.00,2.00,5.00,4.00,'','[\"https://pos.nvncdn.com/7d9352-120836/ps/20220611_Eco4ALVpMMUyCzjj1rugPQYw.jpg?v=1674095513\"]',1,'2026-04-05 00:20:19'),(106,'SR B5-X5 (TP)','SKU-1775323219242-4RDR',1,'Cái',120000.00,0.00,2504.000,2504.000,0.000,10.000,10.00,2.00,5.00,4.00,'','[\"https://pos.nvncdn.com/7d9352-120836/ps/20220610_s8Nx3q2sLjJwR9L7I9UAmbiy.jpg?v=1674095679\"]',1,'2026-04-05 00:20:19'),(107,'SR T.CỒI (TP)','SKU-1775323219244-8FKT',1,'Cái',150000.00,0.00,2684.000,2684.000,0.000,10.000,10.00,2.00,5.00,4.00,'','[\"https://pos.nvncdn.com/7d9352-120836/ps/20220610_nizl3BjN04C62eITHcI1WtEE.jpg?v=1674095679\"]',1,'2026-04-05 00:20:19'),(108,'T.Đ.DA ORGANIC (KG)','SKU-1775323219246-S0SX',1,'Cái',1800000.00,0.00,51.500,51.500,0.000,10.000,10.00,2.00,5.00,4.00,'','[\"https://pos.nvncdn.com/7d9352-120836/ps/20220530_4b9hW3yvRhij5iINJnKMglJb.jpg?v=1674101057\"]',1,'2026-04-05 00:20:19'),(109,'C.SÂM TẶNG 10ML (TP)','SKU-1775323219247-HXMQ',1,'Cái',0.00,0.00,2223.000,2223.000,0.000,10.000,10.00,2.00,5.00,4.00,'','[\"https://pos.nvncdn.com/7d9352-120836/ps/20230421_Z1ya1ezFIJ.jpeg?v=1682061930\"]',1,'2026-04-05 00:20:19'),(110,'K K.SINH M5N MẠNH (KG)','SKU-1775323219251-0XXM',1,'Cái',2000000.00,0.00,29.500,29.500,0.000,10.000,10.00,2.00,5.00,4.00,'','[\"https://pos.nvncdn.com/7d9352-120836/ps/20220527_IlqLPUvbs68lplvdbrIJYpRR.jpg?v=1674101494\"]',1,'2026-04-05 00:20:19'),(111,'HỦ NHỰA 1KG','SKU-1775323219253-U5YV',1,'Cái',0.00,0.00,0.000,0.000,0.000,10.000,10.00,2.00,5.00,4.00,'',NULL,1,'2026-04-05 00:20:19'),(112,'HỦ NHỰA 500G','SKU-1775323219254-JTAE',1,'Cái',0.00,0.00,0.000,0.000,0.000,10.000,10.00,2.00,5.00,4.00,'',NULL,1,'2026-04-05 00:20:19'),(113,'K U.CHẾ VIP (TP)','SKU-1775323219256-CLYY',1,'Cái',100000.00,0.00,519.000,519.000,0.000,10.000,10.00,2.00,5.00,4.00,'','[\"https://pos.nvncdn.com/7d9352-120836/ps/20230421_T8w2HYn5Uf.jpeg?v=1682060083\"]',1,'2026-04-05 00:20:19'),(114,'NẠ TẢO BIỂN (KG)','SKU-1775323219259-DSNZ',1,'Cái',150000.00,0.00,57.900,57.900,0.000,10.000,10.00,2.00,5.00,4.00,'','[\"https://pos.nvncdn.com/7d9352-120836/ps/20220525_QmqNkJWPhSrTkfawgM8TvLzs.jpg?v=1674102021\"]',1,'2026-04-05 00:20:19'),(115,'K CỐT NSK (KG)','SKU-1775323219260-2ZAW',1,'Cái',4500000.00,0.00,55.200,55.200,0.000,10.000,10.00,2.00,5.00,4.00,'','[\"https://pos.nvncdn.com/7d9352-120836/ps/20251007_c1Oislozsg.jpeg?v=1759840884\"]',1,'2026-04-05 00:20:19'),(116,'Ủ VÀNG NANO (KG)','SKU-1775323219262-IBX9',1,'Cái',170000.00,0.00,86.000,86.000,0.000,10.000,10.00,2.00,5.00,4.00,'','[\"https://pos.nvncdn.com/7d9352-120836/ps/20220521_DUCw8Zl4HfWAo9fM0SPxCaRG.jpg?v=1674102811\"]',1,'2026-04-05 00:20:19'),(117,'SET TT THAN','SKU-1775323219263-IDXD',1,'Cái',80000.00,0.00,0.000,0.000,0.000,10.000,NULL,2.00,5.00,4.00,'','[\"https://pos.nvncdn.com/7d9352-120836/ps/20220519_w40vxI5tMNiUc1v01H1j3mEF.jpg?v=1674103093\"]',1,'2026-04-05 00:20:19'),(118,'SR TC P.HỒI NSK (L)','SKU-1775323219266-HXJC',1,'Cái',2000000.00,0.00,42.500,42.500,0.000,10.000,10.00,2.00,5.00,4.00,'','[\"https://pos.nvncdn.com/7d9352-120836/ps/20220519_gu5P6S2QOjJ1SlZds1BPVK3E.jpg?v=1674103095\"]',1,'2026-04-05 00:20:19'),(119,'','',NULL,'',0.00,0.00,0.000,0.000,0.000,0.000,NULL,NULL,NULL,NULL,NULL,NULL,0,'2026-04-07 16:00:49'),(120,'tèo hói','fffsfsfsfd',NULL,'Cái',1000.00,0.00,10.000,10.000,0.000,10.000,NULL,NULL,NULL,NULL,NULL,NULL,0,'2026-04-07 16:40:52'),(121,'hộp quà tết M08','SKU-20260409-0001',1,'Cái',50000.00,0.00,1000.000,858.000,142.000,0.000,0.00,NULL,NULL,NULL,'hộp quà tết','[\"/uploads/1775715767006-839339782.jpg\"]',0,'2026-04-09 13:23:19');
/*!40000 ALTER TABLE `products` ENABLE KEYS */;
UNLOCK TABLES;

--
-- Table structure for table `return_items`
--

DROP TABLE IF EXISTS `return_items`;
/*!40101 SET @saved_cs_client     = @@character_set_client */;
/*!50503 SET character_set_client = utf8mb4 */;
CREATE TABLE `return_items` (
  `id` int(10) unsigned NOT NULL AUTO_INCREMENT,
  `return_id` int(10) unsigned NOT NULL,
  `product_id` int(10) unsigned NOT NULL,
  `qty` decimal(10,3) NOT NULL DEFAULT 0.000,
  PRIMARY KEY (`id`),
  KEY `idx_return_items_return` (`return_id`),
  KEY `idx_return_items_product` (`product_id`),
  CONSTRAINT `fk_return_items_product` FOREIGN KEY (`product_id`) REFERENCES `products` (`id`),
  CONSTRAINT `fk_return_items_return` FOREIGN KEY (`return_id`) REFERENCES `returns` (`id`) ON DELETE CASCADE
) ENGINE=InnoDB AUTO_INCREMENT=2 DEFAULT CHARSET=utf8mb4 COLLATE=utf8mb4_unicode_ci;
/*!40101 SET character_set_client = @saved_cs_client */;

--
-- Dumping data for table `return_items`
--

LOCK TABLES `return_items` WRITE;
/*!40000 ALTER TABLE `return_items` DISABLE KEYS */;
/*!40000 ALTER TABLE `return_items` ENABLE KEYS */;
UNLOCK TABLES;

--
-- Table structure for table `return_request_items`
--

DROP TABLE IF EXISTS `return_request_items`;
/*!40101 SET @saved_cs_client     = @@character_set_client */;
/*!50503 SET character_set_client = utf8mb4 */;
CREATE TABLE `return_request_items` (
  `id` int(10) unsigned NOT NULL AUTO_INCREMENT,
  `return_request_id` int(10) unsigned NOT NULL,
  `product_id` int(10) unsigned NOT NULL,
  `qty` decimal(10,3) NOT NULL DEFAULT 0.000,
  PRIMARY KEY (`id`),
  KEY `idx_rri_request` (`return_request_id`),
  KEY `idx_rri_product` (`product_id`),
  CONSTRAINT `fk_rri_product` FOREIGN KEY (`product_id`) REFERENCES `products` (`id`),
  CONSTRAINT `fk_rri_request` FOREIGN KEY (`return_request_id`) REFERENCES `return_requests` (`id`) ON DELETE CASCADE
) ENGINE=InnoDB AUTO_INCREMENT=3 DEFAULT CHARSET=utf8mb4 COLLATE=utf8mb4_unicode_ci;
/*!40101 SET character_set_client = @saved_cs_client */;

--
-- Dumping data for table `return_request_items`
--

LOCK TABLES `return_request_items` WRITE;
/*!40000 ALTER TABLE `return_request_items` DISABLE KEYS */;
/*!40000 ALTER TABLE `return_request_items` ENABLE KEYS */;
UNLOCK TABLES;

--
-- Table structure for table `return_requests`
--

DROP TABLE IF EXISTS `return_requests`;
/*!40101 SET @saved_cs_client     = @@character_set_client */;
/*!50503 SET character_set_client = utf8mb4 */;
CREATE TABLE `return_requests` (
  `id` int(10) unsigned NOT NULL AUTO_INCREMENT,
  `order_id` int(10) unsigned NOT NULL,
  `requested_by` int(10) unsigned NOT NULL COMMENT 'Sales tạo yêu cầu',
  `status` enum('pending','approved','rejected','cancelled') NOT NULL DEFAULT 'pending',
  `reason` text DEFAULT NULL,
  `admin_note` text DEFAULT NULL,
  `approved_by` int(10) unsigned DEFAULT NULL,
  `approved_at` datetime DEFAULT NULL,
  `created_at` datetime NOT NULL DEFAULT current_timestamp(),
  PRIMARY KEY (`id`),
  KEY `idx_return_requests_order` (`order_id`),
  KEY `idx_return_requests_requested_by` (`requested_by`),
  KEY `idx_return_requests_status` (`status`),
  KEY `idx_return_requests_created_at` (`created_at`),
  KEY `fk_return_requests_approved_by` (`approved_by`),
  CONSTRAINT `fk_return_requests_approved_by` FOREIGN KEY (`approved_by`) REFERENCES `users` (`id`) ON DELETE SET NULL,
  CONSTRAINT `fk_return_requests_order` FOREIGN KEY (`order_id`) REFERENCES `orders` (`id`) ON DELETE CASCADE,
  CONSTRAINT `fk_return_requests_requested_by` FOREIGN KEY (`requested_by`) REFERENCES `users` (`id`)
) ENGINE=InnoDB AUTO_INCREMENT=3 DEFAULT CHARSET=utf8mb4 COLLATE=utf8mb4_unicode_ci;
/*!40101 SET character_set_client = @saved_cs_client */;

--
-- Dumping data for table `return_requests`
--

LOCK TABLES `return_requests` WRITE;
/*!40000 ALTER TABLE `return_requests` DISABLE KEYS */;
/*!40000 ALTER TABLE `return_requests` ENABLE KEYS */;
UNLOCK TABLES;

--
-- Table structure for table `returns`
--

DROP TABLE IF EXISTS `returns`;
/*!40101 SET @saved_cs_client     = @@character_set_client */;
/*!50503 SET character_set_client = utf8mb4 */;
CREATE TABLE `returns` (
  `id` int(10) unsigned NOT NULL AUTO_INCREMENT,
  `order_id` int(10) unsigned NOT NULL COMMENT 'Đơn gốc',
  `return_request_id` int(10) unsigned DEFAULT NULL,
  `warehouse_id` int(10) unsigned NOT NULL COMMENT 'Kho nhập hoàn (mặc định = kho của đơn gốc)',
  `created_by` int(10) unsigned NOT NULL COMMENT 'Admin tạo đơn hoàn',
  `note` text DEFAULT NULL,
  `created_at` datetime NOT NULL DEFAULT current_timestamp(),
  PRIMARY KEY (`id`),
  KEY `idx_returns_order` (`order_id`),
  KEY `idx_returns_request` (`return_request_id`),
  KEY `idx_returns_created_at` (`created_at`),
  KEY `fk_returns_warehouse` (`warehouse_id`),
  KEY `fk_returns_created_by` (`created_by`),
  CONSTRAINT `fk_returns_created_by` FOREIGN KEY (`created_by`) REFERENCES `users` (`id`),
  CONSTRAINT `fk_returns_order` FOREIGN KEY (`order_id`) REFERENCES `orders` (`id`) ON DELETE CASCADE,
  CONSTRAINT `fk_returns_request` FOREIGN KEY (`return_request_id`) REFERENCES `return_requests` (`id`) ON DELETE SET NULL,
  CONSTRAINT `fk_returns_warehouse` FOREIGN KEY (`warehouse_id`) REFERENCES `warehouses` (`id`)
) ENGINE=InnoDB AUTO_INCREMENT=2 DEFAULT CHARSET=utf8mb4 COLLATE=utf8mb4_unicode_ci;
/*!40101 SET character_set_client = @saved_cs_client */;

--
-- Dumping data for table `returns`
--

LOCK TABLES `returns` WRITE;
/*!40000 ALTER TABLE `returns` DISABLE KEYS */;
/*!40000 ALTER TABLE `returns` ENABLE KEYS */;
UNLOCK TABLES;

--
-- Table structure for table `role_permissions`
--

DROP TABLE IF EXISTS `role_permissions`;
/*!40101 SET @saved_cs_client     = @@character_set_client */;
/*!50503 SET character_set_client = utf8mb4 */;
CREATE TABLE `role_permissions` (
  `id` int(10) unsigned NOT NULL AUTO_INCREMENT,
  `role` varchar(64) NOT NULL,
  `module` varchar(50) NOT NULL,
  `action` varchar(20) NOT NULL,
  `allowed` tinyint(1) NOT NULL DEFAULT 0,
  PRIMARY KEY (`id`),
  UNIQUE KEY `uk_role_module_action` (`role`,`module`,`action`),
  KEY `idx_role_permissions_role` (`role`)
) ENGINE=InnoDB AUTO_INCREMENT=97 DEFAULT CHARSET=utf8mb4 COLLATE=utf8mb4_unicode_ci;
/*!40101 SET character_set_client = @saved_cs_client */;

--
-- Dumping data for table `role_permissions`
--

LOCK TABLES `role_permissions` WRITE;
/*!40000 ALTER TABLE `role_permissions` DISABLE KEYS */;
INSERT INTO `role_permissions` VALUES (1,'admin','dashboard','view',1),(2,'admin','dashboard','create',1),(3,'admin','dashboard','edit',1),(4,'admin','dashboard','delete',1),(5,'admin','employees','view',1),(6,'admin','employees','create',1),(7,'admin','employees','edit',1),(8,'admin','employees','delete',1),(9,'admin','products','view',1),(10,'admin','products','create',1),(11,'admin','products','edit',1),(12,'admin','products','delete',1),(13,'admin','customers','view',1),(14,'admin','customers','create',1),(15,'admin','customers','edit',1),(16,'admin','customers','delete',1),(17,'admin','orders','view',1),(18,'admin','orders','create',1),(19,'admin','orders','edit',1),(20,'admin','orders','delete',1),(21,'admin','inventory','view',1),(22,'admin','inventory','create',1),(23,'admin','inventory','edit',1),(24,'admin','inventory','delete',1),(25,'admin','reports','view',1),(26,'admin','reports','create',1),(27,'admin','reports','edit',1),(28,'admin','reports','delete',1),(29,'admin','settings','view',1),(30,'admin','settings','create',1),(31,'admin','settings','edit',1),(32,'admin','settings','delete',1),(65,'sales','customers','create',1),(66,'sales','customers','delete',0),(67,'sales','customers','edit',1),(68,'sales','customers','view',1),(69,'sales','dashboard','create',0),(70,'sales','dashboard','delete',0),(71,'sales','dashboard','edit',0),(72,'sales','dashboard','view',1),(73,'sales','employees','create',0),(74,'sales','employees','delete',0),(75,'sales','employees','edit',0),(76,'sales','employees','view',0),(77,'sales','inventory','create',0),(78,'sales','inventory','delete',0),(79,'sales','inventory','edit',0),(80,'sales','inventory','view',0),(81,'sales','orders','create',1),(82,'sales','orders','delete',1),(83,'sales','orders','edit',1),(84,'sales','orders','view',1),(85,'sales','products','create',0),(86,'sales','products','delete',0),(87,'sales','products','edit',0),(88,'sales','products','view',1),(89,'sales','reports','create',0),(90,'sales','reports','delete',0),(91,'sales','reports','edit',0),(92,'sales','reports','view',1),(93,'sales','settings','create',0),(94,'sales','settings','delete',0),(95,'sales','settings','edit',0),(96,'sales','settings','view',0);
/*!40000 ALTER TABLE `role_permissions` ENABLE KEYS */;
UNLOCK TABLES;

--
-- Table structure for table `roles`
--

DROP TABLE IF EXISTS `roles`;
/*!40101 SET @saved_cs_client     = @@character_set_client */;
/*!50503 SET character_set_client = utf8mb4 */;
CREATE TABLE `roles` (
  `id` int(10) unsigned NOT NULL AUTO_INCREMENT,
  `code` varchar(64) NOT NULL COMMENT 'Slug: admin, sales, ke_toan...',
  `name` varchar(100) NOT NULL COMMENT 'Tên hiển thị',
  `description` varchar(255) DEFAULT NULL,
  `can_access_admin` tinyint(1) NOT NULL DEFAULT 0 COMMENT '1 = menu & API quản trị',
  `scope_own_data` tinyint(1) NOT NULL DEFAULT 1 COMMENT '1 = chỉ đơn/KH của mình (như sales)',
  `is_system` tinyint(1) NOT NULL DEFAULT 0 COMMENT 'Không xóa',
  `created_at` datetime NOT NULL DEFAULT current_timestamp(),
  PRIMARY KEY (`id`),
  UNIQUE KEY `code` (`code`),
  KEY `idx_roles_code` (`code`)
) ENGINE=InnoDB AUTO_INCREMENT=3 DEFAULT CHARSET=utf8mb4 COLLATE=utf8mb4_unicode_ci;
/*!40101 SET character_set_client = @saved_cs_client */;

--
-- Dumping data for table `roles`
--

LOCK TABLES `roles` WRITE;
/*!40000 ALTER TABLE `roles` DISABLE KEYS */;
INSERT INTO `roles` VALUES (1,'admin','Quản trị viên','Toàn quyền hệ thống',1,0,1,'2026-04-08 11:26:30'),(2,'sales','Bán Hàng','Đơn hàng & KH theo nhân viên',0,1,1,'2026-04-08 11:26:30');
/*!40000 ALTER TABLE `roles` ENABLE KEYS */;
UNLOCK TABLES;

--
-- Table structure for table `stock_movements`
--

DROP TABLE IF EXISTS `stock_movements`;
/*!40101 SET @saved_cs_client     = @@character_set_client */;
/*!50503 SET character_set_client = utf8mb4 */;
CREATE TABLE `stock_movements` (
  `id` int(10) unsigned NOT NULL AUTO_INCREMENT,
  `warehouse_id` int(10) unsigned NOT NULL,
  `product_id` int(10) unsigned NOT NULL,
  `type` enum('import','export','adjust') NOT NULL COMMENT 'import=nhập, export=xuất, adjust=điều chỉnh',
  `qty` decimal(10,3) NOT NULL COMMENT '+ nhập, - xuất',
  `reason` varchar(100) DEFAULT NULL,
  `status` enum('draft','completed') NOT NULL DEFAULT 'draft',
  `total_value` decimal(15,2) NOT NULL DEFAULT 0.00,
  `created_by` int(10) unsigned NOT NULL,
  `created_at` datetime NOT NULL DEFAULT current_timestamp(),
  PRIMARY KEY (`id`),
  KEY `idx_stock_movements_warehouse` (`warehouse_id`),
  KEY `idx_stock_movements_product` (`product_id`),
  KEY `idx_stock_movements_type` (`type`),
  KEY `idx_stock_movements_status` (`status`),
  KEY `idx_stock_movements_created_by` (`created_by`),
  KEY `idx_stock_movements_created_at` (`created_at`),
  CONSTRAINT `fk_stock_movements_created_by` FOREIGN KEY (`created_by`) REFERENCES `users` (`id`),
  CONSTRAINT `fk_stock_movements_product` FOREIGN KEY (`product_id`) REFERENCES `products` (`id`),
  CONSTRAINT `fk_stock_movements_warehouse` FOREIGN KEY (`warehouse_id`) REFERENCES `warehouses` (`id`)
) ENGINE=InnoDB AUTO_INCREMENT=6 DEFAULT CHARSET=utf8mb4 COLLATE=utf8mb4_unicode_ci;
/*!40101 SET character_set_client = @saved_cs_client */;

--
-- Dumping data for table `stock_movements`
--

LOCK TABLES `stock_movements` WRITE;
/*!40000 ALTER TABLE `stock_movements` DISABLE KEYS */;
INSERT INTO `stock_movements` VALUES (2,1,5,'export',-1.000,'export_transfer','completed',3500000.00,3,'2026-04-07 15:33:59'),(3,2,5,'import',1.000,'Nhập chuyển kho','completed',3500000.00,3,'2026-04-07 15:33:59'),(4,1,5,'export',-1.000,'export_transfer','completed',3500000.00,3,'2026-04-07 15:57:26'),(5,2,5,'import',1.000,'Nhập chuyển kho','completed',3500000.00,3,'2026-04-07 15:57:26');
/*!40000 ALTER TABLE `stock_movements` ENABLE KEYS */;
UNLOCK TABLES;

--
-- Table structure for table `user_collaborators`
--

DROP TABLE IF EXISTS `user_collaborators`;
/*!40101 SET @saved_cs_client     = @@character_set_client */;
/*!50503 SET character_set_client = utf8mb4 */;
CREATE TABLE `user_collaborators` (
  `id` int(10) unsigned NOT NULL AUTO_INCREMENT,
  `user_id` int(10) unsigned NOT NULL,
  `collaborator_id` int(10) unsigned NOT NULL,
  `commission_rate` decimal(5,2) DEFAULT 0.00,
  `created_at` datetime NOT NULL DEFAULT current_timestamp(),
  PRIMARY KEY (`id`),
  UNIQUE KEY `uk_user_collaborator` (`user_id`,`collaborator_id`),
  KEY `fk_uc_collaborator` (`collaborator_id`),
  CONSTRAINT `fk_uc_collaborator` FOREIGN KEY (`collaborator_id`) REFERENCES `users` (`id`) ON DELETE CASCADE,
  CONSTRAINT `fk_uc_user` FOREIGN KEY (`user_id`) REFERENCES `users` (`id`) ON DELETE CASCADE
) ENGINE=InnoDB DEFAULT CHARSET=utf8mb4 COLLATE=utf8mb4_general_ci;
/*!40101 SET character_set_client = @saved_cs_client */;

--
-- Dumping data for table `user_collaborators`
--

LOCK TABLES `user_collaborators` WRITE;
/*!40000 ALTER TABLE `user_collaborators` DISABLE KEYS */;
/*!40000 ALTER TABLE `user_collaborators` ENABLE KEYS */;
UNLOCK TABLES;

--
-- Table structure for table `user_groups`
--

DROP TABLE IF EXISTS `user_groups`;
/*!40101 SET @saved_cs_client     = @@character_set_client */;
/*!50503 SET character_set_client = utf8mb4 */;
CREATE TABLE `user_groups` (
  `id` int(10) unsigned NOT NULL AUTO_INCREMENT,
  `user_id` int(10) unsigned NOT NULL,
  `group_id` int(10) unsigned NOT NULL,
  `created_at` datetime NOT NULL DEFAULT current_timestamp(),
  PRIMARY KEY (`id`),
  UNIQUE KEY `uk_user_group` (`user_id`,`group_id`),
  KEY `idx_user_groups_user` (`user_id`),
  KEY `idx_user_groups_group` (`group_id`),
  CONSTRAINT `fk_user_groups_group` FOREIGN KEY (`group_id`) REFERENCES `groups` (`id`) ON DELETE CASCADE,
  CONSTRAINT `fk_user_groups_user` FOREIGN KEY (`user_id`) REFERENCES `users` (`id`) ON DELETE CASCADE
) ENGINE=InnoDB AUTO_INCREMENT=30 DEFAULT CHARSET=utf8mb4 COLLATE=utf8mb4_unicode_ci;
/*!40101 SET character_set_client = @saved_cs_client */;

--
-- Dumping data for table `user_groups`
--

LOCK TABLES `user_groups` WRITE;
/*!40000 ALTER TABLE `user_groups` DISABLE KEYS */;
INSERT INTO `user_groups` VALUES (19,98,5,'2026-04-09 15:09:01'),(20,2,5,'2026-04-09 15:09:55'),(21,2,4,'2026-04-09 15:09:55'),(22,2,6,'2026-04-09 15:09:55'),(25,1,6,'2026-04-10 17:59:45'),(26,1,5,'2026-04-10 17:59:45'),(27,100,5,'2026-04-10 20:07:02'),(28,95,5,'2026-04-11 12:41:45'),(29,95,4,'2026-04-11 12:41:45');
/*!40000 ALTER TABLE `user_groups` ENABLE KEYS */;
UNLOCK TABLES;

--
-- Table structure for table `users`
--

DROP TABLE IF EXISTS `users`;
/*!40101 SET @saved_cs_client     = @@character_set_client */;
/*!50503 SET character_set_client = utf8mb4 */;
CREATE TABLE `users` (
  `id` int(10) unsigned NOT NULL AUTO_INCREMENT,
  `full_name` varchar(100) NOT NULL,
  `username` varchar(64) DEFAULT NULL,
  `role_id` int(10) unsigned NOT NULL,
  `email` varchar(100) NOT NULL,
  `password_hash` varchar(255) NOT NULL,
  `phone` varchar(20) DEFAULT NULL,
  `department` varchar(50) DEFAULT NULL,
  `position` varchar(100) DEFAULT NULL,
  `commission_rate` decimal(5,2) DEFAULT 5.00 COMMENT '% hoa hồng',
  `salary` decimal(12,2) DEFAULT 0.00 COMMENT 'Lương cơ bản',
  `join_date` date DEFAULT NULL,
  `avatar_url` varchar(255) DEFAULT NULL,
  `address` text DEFAULT NULL,
  `city` varchar(50) DEFAULT NULL,
  `district` varchar(50) DEFAULT NULL,
  `postal_code` varchar(10) DEFAULT NULL,
  `is_active` tinyint(1) NOT NULL DEFAULT 1,
  `created_at` datetime NOT NULL DEFAULT current_timestamp(),
  PRIMARY KEY (`id`),
  UNIQUE KEY `email` (`email`),
  UNIQUE KEY `username` (`username`),
  KEY `idx_users_email` (`email`),
  KEY `idx_users_is_active` (`is_active`),
  KEY `idx_users_role_id` (`role_id`),
  CONSTRAINT `fk_users_role` FOREIGN KEY (`role_id`) REFERENCES `roles` (`id`)
) ENGINE=InnoDB AUTO_INCREMENT=101 DEFAULT CHARSET=utf8mb4 COLLATE=utf8mb4_unicode_ci;
/*!40101 SET character_set_client = @saved_cs_client */;

--
-- Dumping data for table `users`
--

LOCK TABLES `users` WRITE;
/*!40000 ALTER TABLE `users` DISABLE KEYS */;
INSERT INTO `users` VALUES (1,'Nguyễn Thị Lan','lan.sales@velocity.vn',2,'lan.sales@velocity.vn','$2a$10$/1cHqVXZ0kIWL9T1eHmEEu.3tBqem2yHDamAyoD6RYw5s3Lea5tSS','0912345678','','',5.00,0.00,'2020-01-01',NULL,'','',NULL,NULL,1,'2026-04-04 20:32:15'),(2,'Trần Văn Minh','minh.sales@velocity.vn',2,'minh.sales@velocity.vn','$2a$10$qTMEmtj46j0yexPvtoyo3elQvIWkSft96w0DJphILaGewZfSkfYea','0987654321','','',5.00,0.00,'2020-01-01',NULL,'','',NULL,NULL,1,'2026-04-04 20:32:15'),(3,'Admin Velocity','admin@velocity.vn',1,'admin@velocity.vn','$2a$10$mU74a1D/ZUVkuQ0ujM7v7uuMbBw1kU91Yeti8Q3TGw4CcUYe5sqfy',NULL,NULL,NULL,0.00,0.00,'2020-01-01',NULL,NULL,NULL,NULL,NULL,1,'2026-04-04 20:35:09'),(4,'Test User','testuser@test.com',2,'testuser@test.com','$2a$10$qTMEmtj46j0yexPvtoyo3elQvIWkSft96w0DJphILaGewZfSkfYea',NULL,NULL,NULL,5.00,0.00,'2020-01-01',NULL,NULL,NULL,NULL,NULL,1,'2026-04-05 01:10:26'),(5,'Log Test User','logtest@test.com',2,'logtest@test.com','$2a$10$qTMEmtj46j0yexPvtoyo3elQvIWkSft96w0DJphILaGewZfSkfYea',NULL,NULL,NULL,5.00,0.00,'2020-01-01',NULL,NULL,NULL,NULL,NULL,1,'2026-04-05 01:11:52'),(7,'Nguyên_15_11_24','0384117971',2,'0384117971','$2a$10$qTMEmtj46j0yexPvtoyo3elQvIWkSft96w0DJphILaGewZfSkfYea','0901234567','Kinh doanh','Nhân viên',10.00,0.00,'2020-01-01',NULL,'123 Đường ABC','Hà Nội','Ba Đình',NULL,1,'2026-04-08 10:25:48'),(8,'Nguyễn Thanh Nhạn TNK_26_07','thuky',2,'thuky','$2a$10$qTMEmtj46j0yexPvtoyo3elQvIWkSft96w0DJphILaGewZfSkfYea','0912345678','Kinh doanh','Nhân viên',10.00,0.00,'2020-01-01',NULL,'456 Đường XYZ','TP. Hồ Chí Minh','Quận 1',NULL,1,'2026-04-08 10:25:48'),(9,'Kiều Vân TNK_26_07','0327945104',2,'0327945104','$2a$10$qTMEmtj46j0yexPvtoyo3elQvIWkSft96w0DJphILaGewZfSkfYea','','Kinh doanh','Nhân viên',10.00,0.00,'2020-01-01',NULL,NULL,NULL,NULL,NULL,1,'2026-04-08 10:25:48'),(10,'Thái Thị Hoài TNK_26_07','0828337452',2,'0828337452','$2a$10$qTMEmtj46j0yexPvtoyo3elQvIWkSft96w0DJphILaGewZfSkfYea','','Kinh doanh','Nhân viên',10.00,0.00,'2020-01-01',NULL,NULL,NULL,NULL,NULL,1,'2026-04-08 10:25:48'),(11,'Nguyễn Thị Ái Thu TNK_26_07','0377028977',2,'0377028977','$2a$10$qTMEmtj46j0yexPvtoyo3elQvIWkSft96w0DJphILaGewZfSkfYea','','Kinh doanh','Nhân viên',10.00,0.00,'2020-01-01',NULL,NULL,NULL,NULL,NULL,1,'2026-04-08 10:25:48'),(12,'Phạm Nguyễn Ngọc Yến TNK_26_07','0358047289',2,'0358047289','$2a$10$qTMEmtj46j0yexPvtoyo3elQvIWkSft96w0DJphILaGewZfSkfYea','','Kinh doanh','Nhân viên',10.00,0.00,'2020-01-01',NULL,NULL,NULL,NULL,NULL,1,'2026-04-08 10:25:48'),(13,'Đặng Nguyễn Quỳnh Nhi TNK_26_07','0876465049',2,'0876465049','$2a$10$qTMEmtj46j0yexPvtoyo3elQvIWkSft96w0DJphILaGewZfSkfYea','','Kinh doanh','Nhân viên',10.00,0.00,'2020-01-01',NULL,NULL,NULL,NULL,NULL,1,'2026-04-08 10:25:48'),(14,'Phan Thị Thanh Nhân TNK_26_07','0944204658',2,'0944204658','$2a$10$qTMEmtj46j0yexPvtoyo3elQvIWkSft96w0DJphILaGewZfSkfYea','','Kinh doanh','Nhân viên',10.00,0.00,'2020-01-01',NULL,NULL,NULL,NULL,NULL,1,'2026-04-08 10:25:48'),(15,'Đặng Thị Kim Nguyên TNK_26_07','0362301213',2,'0362301213','$2a$10$qTMEmtj46j0yexPvtoyo3elQvIWkSft96w0DJphILaGewZfSkfYea','','Kinh doanh','Nhân viên',10.00,0.00,'2020-01-01',NULL,NULL,NULL,NULL,NULL,1,'2026-04-08 10:25:48'),(16,'Nguyễn Thị Kiều Trang  TNK_26_07','0355411891',2,'0355411891','$2a$10$qTMEmtj46j0yexPvtoyo3elQvIWkSft96w0DJphILaGewZfSkfYea','','Kinh doanh','Nhân viên',10.00,0.00,'2020-01-01',NULL,NULL,NULL,NULL,NULL,0,'2026-04-08 10:25:48'),(17,'Phạm Thị Hồng Anh TNK_26_07','0934882639',2,'0934882639','$2a$10$qTMEmtj46j0yexPvtoyo3elQvIWkSft96w0DJphILaGewZfSkfYea','','Kinh doanh','Nhân viên',10.00,0.00,'2020-01-01',NULL,NULL,NULL,NULL,NULL,1,'2026-04-08 10:25:48'),(18,'Nguyễn Thị Ánh Ngọc TNK_26_07','0916756847',2,'0916756847','$2a$10$qTMEmtj46j0yexPvtoyo3elQvIWkSft96w0DJphILaGewZfSkfYea','','Kinh doanh','Nhân viên',10.00,0.00,'2020-01-01',NULL,NULL,NULL,NULL,NULL,1,'2026-04-08 10:25:48'),(19,'Nguyễn Thị Vy_07_2024','0347343195',2,'0347343195','$2a$10$qTMEmtj46j0yexPvtoyo3elQvIWkSft96w0DJphILaGewZfSkfYea','','Kinh doanh','Nhân viên',10.00,0.00,'2020-01-01',NULL,NULL,NULL,NULL,NULL,1,'2026-04-08 10:25:48'),(20,'Lệ Trần_28_06','0333671856',2,'0333671856','$2a$10$qTMEmtj46j0yexPvtoyo3elQvIWkSft96w0DJphILaGewZfSkfYea','','Kinh doanh','Nhân viên',10.00,0.00,'2020-01-01',NULL,NULL,NULL,NULL,NULL,1,'2026-04-08 10:25:48'),(21,'Nguyễn Thị Thuý Hằng_06_2024','0359677223',2,'0359677223','$2a$10$qTMEmtj46j0yexPvtoyo3elQvIWkSft96w0DJphILaGewZfSkfYea','','Kinh doanh','Nhân viên',10.00,0.00,'2020-01-01',NULL,NULL,NULL,NULL,NULL,1,'2026-04-08 10:25:49'),(22,'Hứu Mỹ Linh 26_05_2024','0816968006',2,'0816968006','$2a$10$qTMEmtj46j0yexPvtoyo3elQvIWkSft96w0DJphILaGewZfSkfYea','','Kinh doanh','Nhân viên',10.00,0.00,'2020-01-01',NULL,NULL,NULL,NULL,NULL,1,'2026-04-08 10:25:49'),(23,'K_Nguyễn Giang_13_03_2024','0965722190',2,'0965722190','$2a$10$qTMEmtj46j0yexPvtoyo3elQvIWkSft96w0DJphILaGewZfSkfYea','','Kinh doanh','Nhân viên',10.00,0.00,'2020-01-01',NULL,NULL,NULL,NULL,NULL,1,'2026-04-08 10:25:49'),(24,'Thúy Trần_22_01_2024','0763659808',2,'0763659808','$2a$10$qTMEmtj46j0yexPvtoyo3elQvIWkSft96w0DJphILaGewZfSkfYea','','Kinh doanh','Nhân viên',10.00,0.00,'2020-01-01',NULL,NULL,NULL,NULL,NULL,1,'2026-04-08 10:25:49'),(25,'Trần Thị Tâm 02_12','0337917398',2,'0337917398','$2a$10$qTMEmtj46j0yexPvtoyo3elQvIWkSft96w0DJphILaGewZfSkfYea','','Kinh doanh','Nhân viên',10.00,0.00,'2020-01-01',NULL,NULL,NULL,NULL,NULL,1,'2026-04-08 10:25:49'),(26,'K_Cao Tuyết Nhung_11_2023','0368083887',2,'0368083887','$2a$10$qTMEmtj46j0yexPvtoyo3elQvIWkSft96w0DJphILaGewZfSkfYea','','Kinh doanh','Nhân viên',10.00,0.00,'2020-01-01',NULL,NULL,NULL,NULL,NULL,1,'2026-04-08 10:25:49'),(27,'Lê Thị Hoài Vy','0336783074',2,'0336783074','$2a$10$qTMEmtj46j0yexPvtoyo3elQvIWkSft96w0DJphILaGewZfSkfYea','','Kinh doanh','Nhân viên',10.00,0.00,'2020-01-01',NULL,NULL,NULL,NULL,NULL,1,'2026-04-08 10:25:49'),(28,'K_Trần Thị Mỹ Nhung_11_2023','0969842547',2,'0969842547','$2a$10$qTMEmtj46j0yexPvtoyo3elQvIWkSft96w0DJphILaGewZfSkfYea','','Kinh doanh','Nhân viên',10.00,0.00,'2020-01-01',NULL,NULL,NULL,NULL,NULL,1,'2026-04-08 10:25:49'),(29,'Nguyễn Thị Hương 10_2023','0966571091',2,'0966571091','$2a$10$qTMEmtj46j0yexPvtoyo3elQvIWkSft96w0DJphILaGewZfSkfYea','','Kinh doanh','Nhân viên',10.00,0.00,'2020-01-01',NULL,NULL,NULL,NULL,NULL,1,'2026-04-08 10:25:49'),(30,'Hồ Thị Mỹ Hiếu 10_2023','0862914063',2,'0862914063','$2a$10$qTMEmtj46j0yexPvtoyo3elQvIWkSft96w0DJphILaGewZfSkfYea','','Kinh doanh','Nhân viên',10.00,0.00,'2020-01-01',NULL,NULL,NULL,NULL,NULL,1,'2026-04-08 10:25:49'),(31,'Trần Thị Hạnh 10_2023','0399604301',2,'0399604301','$2a$10$qTMEmtj46j0yexPvtoyo3elQvIWkSft96w0DJphILaGewZfSkfYea','','Kinh doanh','Nhân viên',10.00,0.00,'2020-01-01',NULL,NULL,NULL,NULL,NULL,1,'2026-04-08 10:25:49'),(32,'K_Minh_Ngoc_10_2023','0934335814',2,'0934335814','$2a$10$qTMEmtj46j0yexPvtoyo3elQvIWkSft96w0DJphILaGewZfSkfYea','','Kinh doanh','Nhân viên',10.00,0.00,'2020-01-01',NULL,NULL,NULL,NULL,NULL,1,'2026-04-08 10:25:49'),(33,'K_Thúy Nhi_09_2023','0936676924',2,'0936676924','$2a$10$qTMEmtj46j0yexPvtoyo3elQvIWkSft96w0DJphILaGewZfSkfYea','','Kinh doanh','Nhân viên',10.00,0.00,'2020-01-01',NULL,NULL,NULL,NULL,NULL,1,'2026-04-08 10:25:49'),(34,'Tik Tok Sheki','tiktoksheki',2,'tiktoksheki','$2a$10$qTMEmtj46j0yexPvtoyo3elQvIWkSft96w0DJphILaGewZfSkfYea','','Kinh doanh','Nhân viên',10.00,0.00,'2020-01-01',NULL,NULL,NULL,NULL,NULL,1,'2026-04-08 10:25:49'),(35,'Nguyễn Ngọc Anh 07_2023','0793836247',2,'0793836247','$2a$10$qTMEmtj46j0yexPvtoyo3elQvIWkSft96w0DJphILaGewZfSkfYea','','Kinh doanh','Nhân viên',10.00,0.00,'2020-01-01',NULL,NULL,NULL,NULL,NULL,1,'2026-04-08 10:25:50'),(36,'Cao Bảo Hưng','caohung16072023',2,'caohung16072023','$2a$10$qTMEmtj46j0yexPvtoyo3elQvIWkSft96w0DJphILaGewZfSkfYea','','Kinh doanh','Nhân viên',10.00,0.00,'2020-01-01',NULL,NULL,NULL,NULL,NULL,1,'2026-04-08 10:25:50'),(37,'Nguyễn Thị Yến Nhi','bi16072023',2,'bi16072023','$2a$10$qTMEmtj46j0yexPvtoyo3elQvIWkSft96w0DJphILaGewZfSkfYea','','Kinh doanh','Nhân viên',10.00,0.00,'2020-01-01',NULL,NULL,NULL,NULL,NULL,1,'2026-04-08 10:25:50'),(38,'Nguyễn Duy Kha','duykha173',2,'duykha173','$2a$10$qTMEmtj46j0yexPvtoyo3elQvIWkSft96w0DJphILaGewZfSkfYea','','Kinh doanh','Nhân viên',10.00,0.00,'2020-01-01',NULL,NULL,NULL,NULL,NULL,1,'2026-04-08 10:25:50'),(39,'Trà My 05_2023','vn9040672',2,'vn9040672','$2a$10$qTMEmtj46j0yexPvtoyo3elQvIWkSft96w0DJphILaGewZfSkfYea','','Kinh doanh','Nhân viên',10.00,0.00,'2020-01-01',NULL,NULL,NULL,NULL,NULL,1,'2026-04-08 10:25:50'),(40,'Nguyễn Thị Mỹ Lan 05_2023','mylam44992023',2,'mylam44992023','$2a$10$qTMEmtj46j0yexPvtoyo3elQvIWkSft96w0DJphILaGewZfSkfYea','','Kinh doanh','Nhân viên',10.00,0.00,'2020-01-01',NULL,NULL,NULL,NULL,NULL,1,'2026-04-08 10:25:50'),(41,'Nguyễn Thị Yến Linh','0342278340',2,'0342278340','$2a$10$qTMEmtj46j0yexPvtoyo3elQvIWkSft96w0DJphILaGewZfSkfYea','','Kinh doanh','Nhân viên',10.00,0.00,'2020-01-01',NULL,NULL,NULL,NULL,NULL,1,'2026-04-08 10:25:50'),(42,'Phan Thị Thanh Tâm','phanthanhtam230692',2,'phanthanhtam230692','$2a$10$qTMEmtj46j0yexPvtoyo3elQvIWkSft96w0DJphILaGewZfSkfYea','','Kinh doanh','Nhân viên',10.00,0.00,'2020-01-01',NULL,NULL,NULL,NULL,NULL,1,'2026-04-08 10:25:50'),(43,'Phan Thị Thanh Thúy','phanthanhthuy061199',2,'phanthanhthuy061199','$2a$10$qTMEmtj46j0yexPvtoyo3elQvIWkSft96w0DJphILaGewZfSkfYea','','Kinh doanh','Nhân viên',10.00,0.00,'2020-01-01',NULL,NULL,NULL,NULL,NULL,1,'2026-04-08 10:25:50'),(44,'Hồ Thị Mỹ Nữ','hothimynu01021999',2,'hothimynu01021999','$2a$10$qTMEmtj46j0yexPvtoyo3elQvIWkSft96w0DJphILaGewZfSkfYea','','Kinh doanh','Nhân viên',10.00,0.00,'2020-01-01',NULL,NULL,NULL,NULL,NULL,1,'2026-04-08 10:25:50'),(45,'Đặng Thị Thúy Nga','ngadang221197hcm',2,'ngadang221197hcm','$2a$10$qTMEmtj46j0yexPvtoyo3elQvIWkSft96w0DJphILaGewZfSkfYea','','Kinh doanh','Nhân viên',10.00,0.00,'2020-01-01',NULL,NULL,NULL,NULL,NULL,1,'2026-04-08 10:25:50'),(46,'Bùi Thị Thu','thu313104',2,'thu313104','$2a$10$qTMEmtj46j0yexPvtoyo3elQvIWkSft96w0DJphILaGewZfSkfYea','','Kinh doanh','Nhân viên',10.00,0.00,'2020-01-01',NULL,NULL,NULL,NULL,NULL,1,'2026-04-08 10:25:50'),(47,'Ngô Thị Hồng','hong1999ngo',2,'hong1999ngo','$2a$10$qTMEmtj46j0yexPvtoyo3elQvIWkSft96w0DJphILaGewZfSkfYea','','Kinh doanh','Nhân viên',10.00,0.00,'2020-01-01',NULL,NULL,NULL,NULL,NULL,1,'2026-04-08 10:25:50'),(48,'Nguyễn Văn Lộc','0793129865',2,'0793129865','$2a$10$qTMEmtj46j0yexPvtoyo3elQvIWkSft96w0DJphILaGewZfSkfYea','','Kinh doanh','Nhân viên',10.00,0.00,'2020-01-01',NULL,NULL,NULL,NULL,NULL,1,'2026-04-08 10:25:50'),(49,'Vũ Thị Thu Dung','vuthithudung5870',2,'vuthithudung5870','$2a$10$qTMEmtj46j0yexPvtoyo3elQvIWkSft96w0DJphILaGewZfSkfYea','','Kinh doanh','Nhân viên',10.00,0.00,'2020-01-01',NULL,NULL,NULL,NULL,NULL,1,'2026-04-08 10:25:51'),(50,'Trần Thị Thúy Nhi','tnhi12039',2,'tnhi12039','$2a$10$qTMEmtj46j0yexPvtoyo3elQvIWkSft96w0DJphILaGewZfSkfYea','','Kinh doanh','Nhân viên',10.00,0.00,'2020-01-01',NULL,NULL,NULL,NULL,NULL,1,'2026-04-08 10:25:51'),(51,'nuthitruong1980@gmail.com','nuthitruong1980-sheki',2,'nuthitruong1980-sheki','$2a$10$qTMEmtj46j0yexPvtoyo3elQvIWkSft96w0DJphILaGewZfSkfYea','','Kinh doanh','Nhân viên',10.00,0.00,'2020-01-01',NULL,NULL,NULL,NULL,NULL,1,'2026-04-08 10:25:51'),(52,'hona2976@gmail.com','hona2976-sheki',2,'hona2976-sheki','$2a$10$qTMEmtj46j0yexPvtoyo3elQvIWkSft96w0DJphILaGewZfSkfYea','','Kinh doanh','Nhân viên',10.00,0.00,'2020-01-01',NULL,NULL,NULL,NULL,NULL,1,'2026-04-08 10:25:51'),(53,'Nguyen My Dung','nguyenmydung6442-sheki',2,'nguyenmydung6442-sheki','$2a$10$qTMEmtj46j0yexPvtoyo3elQvIWkSft96w0DJphILaGewZfSkfYea','','Kinh doanh','Nhân viên',10.00,0.00,'2020-01-01',NULL,NULL,NULL,NULL,NULL,1,'2026-04-08 10:25:51'),(54,'Thuỳ Tiên','hoangthu20101988-sheki',2,'hoangthu20101988-sheki','$2a$10$qTMEmtj46j0yexPvtoyo3elQvIWkSft96w0DJphILaGewZfSkfYea','','Kinh doanh','Nhân viên',10.00,0.00,'2020-01-01',NULL,NULL,NULL,NULL,NULL,1,'2026-04-08 10:25:51'),(55,'Lý Thị Mỹ Nhi','lynhimatxicorp-sheki',2,'lynhimatxicorp-sheki','$2a$10$qTMEmtj46j0yexPvtoyo3elQvIWkSft96w0DJphILaGewZfSkfYea','','Kinh doanh','Nhân viên',10.00,0.00,'2020-01-01',NULL,NULL,NULL,NULL,NULL,1,'2026-04-08 10:25:51'),(56,'Nguyễn Văn Đạt','dat-sheki',2,'dat-sheki','$2a$10$qTMEmtj46j0yexPvtoyo3elQvIWkSft96w0DJphILaGewZfSkfYea','','Kinh doanh','Nhân viên',10.00,0.00,'2020-01-01',NULL,NULL,NULL,NULL,NULL,1,'2026-04-08 10:25:51'),(57,'Đinh Văn Hùng','hung-sheki',2,'hung-sheki','$2a$10$qTMEmtj46j0yexPvtoyo3elQvIWkSft96w0DJphILaGewZfSkfYea','','Kinh doanh','Nhân viên',10.00,0.00,'2020-01-01',NULL,NULL,NULL,NULL,NULL,1,'2026-04-08 10:25:51'),(58,'Nguyễn Văn Nghĩa','nghia-sheki',2,'nghia-sheki','$2a$10$qTMEmtj46j0yexPvtoyo3elQvIWkSft96w0DJphILaGewZfSkfYea','','Kinh doanh','Nhân viên',10.00,0.00,'2020-01-01',NULL,NULL,NULL,NULL,NULL,1,'2026-04-08 10:25:51'),(59,'Kim Huyen','venuskimhuyen-sheki',2,'venuskimhuyen-sheki','$2a$10$qTMEmtj46j0yexPvtoyo3elQvIWkSft96w0DJphILaGewZfSkfYea','','Kinh doanh','Nhân viên',10.00,0.00,'2020-01-01',NULL,NULL,NULL,NULL,NULL,1,'2026-04-08 10:25:51'),(60,'Bình Minh','dangbinhminhsn85-sheki',2,'dangbinhminhsn85-sheki','$2a$10$qTMEmtj46j0yexPvtoyo3elQvIWkSft96w0DJphILaGewZfSkfYea','','Kinh doanh','Nhân viên',10.00,0.00,'2020-01-01',NULL,NULL,NULL,NULL,NULL,1,'2026-04-08 10:25:51'),(61,'Nhạn Lê','nhanle-sheki',2,'nhanle-sheki','$2a$10$qTMEmtj46j0yexPvtoyo3elQvIWkSft96w0DJphILaGewZfSkfYea','','Kinh doanh','Nhân viên',10.00,0.00,'2020-01-01',NULL,NULL,NULL,NULL,NULL,1,'2026-04-08 10:25:51'),(62,'Thảo Nguyên','thaonguyen-sheki',2,'thaonguyen-sheki','$2a$10$qTMEmtj46j0yexPvtoyo3elQvIWkSft96w0DJphILaGewZfSkfYea','','Kinh doanh','Nhân viên',10.00,0.00,'2020-01-01',NULL,NULL,NULL,NULL,NULL,1,'2026-04-08 10:25:51'),(63,'Nguyễn Thị Tuyết Trinh','comiumauden1234',1,'comiumauden1234@gmail.com','$2a$10$PvLkoHAXRspVdOwnRgjKt..ZBry7ACkHreuBHSjp2vJWxF22Zvd4W','','Kinh doanh','Nhân viên',10.00,0.00,'2020-01-01',NULL,'','',NULL,NULL,1,'2026-04-08 10:25:51'),(64,'Nguyễn thị Thuỳ vy','thuyvy27041993',2,'thuyvy27041993','$2a$10$qTMEmtj46j0yexPvtoyo3elQvIWkSft96w0DJphILaGewZfSkfYea','','Kinh doanh','Nhân viên',10.00,0.00,'2020-01-01',NULL,NULL,NULL,NULL,NULL,1,'2026-04-08 10:25:52'),(65,'Nguyễn Lê Như Ý','nhuy060285-sheki',2,'nhuy060285-sheki','$2a$10$qTMEmtj46j0yexPvtoyo3elQvIWkSft96w0DJphILaGewZfSkfYea','','Kinh doanh','Nhân viên',10.00,0.00,'2020-01-01',NULL,NULL,NULL,NULL,NULL,1,'2026-04-08 10:25:52'),(66,'Đinh Thị Mỹ Duyên','1998dinhthimyduyen-sheki',2,'1998dinhthimyduyen-sheki','$2a$10$qTMEmtj46j0yexPvtoyo3elQvIWkSft96w0DJphILaGewZfSkfYea','','Kinh doanh','Nhân viên',10.00,0.00,'2020-01-01',NULL,NULL,NULL,NULL,NULL,1,'2026-04-08 10:25:52'),(67,'Nguyễn Hà','themanh88vs-sheki',2,'themanh88vs-sheki','$2a$10$qTMEmtj46j0yexPvtoyo3elQvIWkSft96w0DJphILaGewZfSkfYea','','Kinh doanh','Nhân viên',10.00,0.00,'2020-01-01',NULL,NULL,NULL,NULL,NULL,1,'2026-04-08 10:25:52'),(68,'tèo','huuchungc2',2,'huuchungc2','$2a$10$qTMEmtj46j0yexPvtoyo3elQvIWkSft96w0DJphILaGewZfSkfYea','','Kinh doanh','Nhân viên',10.00,0.00,'2020-01-01',NULL,NULL,NULL,NULL,NULL,1,'2026-04-08 10:25:52'),(69,'Ngân Đặng 2','nguyetthu6485-sheki',2,'nguyetthu6485-sheki','$2a$10$qTMEmtj46j0yexPvtoyo3elQvIWkSft96w0DJphILaGewZfSkfYea','','Kinh doanh','Nhân viên',10.00,0.00,'2020-01-01',NULL,NULL,NULL,NULL,NULL,1,'2026-04-08 10:25:52'),(70,'Tây Tạng- Kho Gói Hàng','huynhtay89hcm-sheki',2,'huynhtay89hcm-sheki','$2a$10$qTMEmtj46j0yexPvtoyo3elQvIWkSft96w0DJphILaGewZfSkfYea','','Kinh doanh','Nhân viên',10.00,0.00,'2020-01-01',NULL,NULL,NULL,NULL,NULL,1,'2026-04-08 10:25:52'),(71,'Minh Ngọc','truongdienvx1986-sheki',2,'truongdienvx1986-sheki','$2a$10$qTMEmtj46j0yexPvtoyo3elQvIWkSft96w0DJphILaGewZfSkfYea','','Kinh doanh','Nhân viên',10.00,0.00,'2020-01-01',NULL,NULL,NULL,NULL,NULL,1,'2026-04-08 10:25:52'),(72,'Lữ yến nhi','minnieshop69-sheki',2,'minnieshop69-sheki','$2a$10$qTMEmtj46j0yexPvtoyo3elQvIWkSft96w0DJphILaGewZfSkfYea','','Kinh doanh','Nhân viên',10.00,0.00,'2020-01-01',NULL,NULL,NULL,NULL,NULL,1,'2026-04-08 10:25:52'),(73,'Linh Châu','dangthikimnguyen31081999-sheki',2,'dangthikimnguyen31081999-sheki','$2a$10$qTMEmtj46j0yexPvtoyo3elQvIWkSft96w0DJphILaGewZfSkfYea','','Kinh doanh','Nhân viên',10.00,0.00,'2020-01-01',NULL,NULL,NULL,NULL,NULL,1,'2026-04-08 10:25:52'),(74,'vy nguyễn','31031982-sheki',2,'31031982-sheki','$2a$10$qTMEmtj46j0yexPvtoyo3elQvIWkSft96w0DJphILaGewZfSkfYea','','Kinh doanh','Nhân viên',10.00,0.00,'2020-01-01',NULL,NULL,NULL,NULL,NULL,1,'2026-04-08 10:25:52'),(75,'phúc nguyễn','nguyenhoangphihung1979-sheki',2,'nguyenhoangphihung1979-sheki','$2a$10$qTMEmtj46j0yexPvtoyo3elQvIWkSft96w0DJphILaGewZfSkfYea','','Kinh doanh','Nhân viên',10.00,0.00,'2020-01-01',NULL,NULL,NULL,NULL,NULL,1,'2026-04-08 10:25:52'),(76,'Bảo Thy','a0528423742-sheki',2,'a0528423742-sheki','$2a$10$qTMEmtj46j0yexPvtoyo3elQvIWkSft96w0DJphILaGewZfSkfYea','','Kinh doanh','Nhân viên',10.00,0.00,'2020-01-01',NULL,NULL,NULL,NULL,NULL,1,'2026-04-08 10:25:52'),(77,'Thư Nguyễn','trangnguyen116287-sheki',2,'trangnguyen116287-sheki','$2a$10$qTMEmtj46j0yexPvtoyo3elQvIWkSft96w0DJphILaGewZfSkfYea','','Kinh doanh','Nhân viên',10.00,0.00,'2020-01-01',NULL,NULL,NULL,NULL,NULL,1,'2026-04-08 10:25:52'),(78,'DUNG DUNG','hathidung12490-sheki',2,'hathidung12490-sheki','$2a$10$qTMEmtj46j0yexPvtoyo3elQvIWkSft96w0DJphILaGewZfSkfYea','','Kinh doanh','Nhân viên',10.00,0.00,'2020-01-01',NULL,NULL,NULL,NULL,NULL,1,'2026-04-08 10:25:52'),(79,'thảo ly','huongdung261189-sheki',2,'huongdung261189-sheki','$2a$10$qTMEmtj46j0yexPvtoyo3elQvIWkSft96w0DJphILaGewZfSkfYea','','Kinh doanh','Nhân viên',10.00,0.00,'2020-01-01',NULL,NULL,NULL,NULL,NULL,1,'2026-04-08 10:25:53'),(80,'nguyễn Thị ngọc hoa','tgddvoxu4543-sheki',2,'tgddvoxu4543-sheki','$2a$10$qTMEmtj46j0yexPvtoyo3elQvIWkSft96w0DJphILaGewZfSkfYea','','Kinh doanh','Nhân viên',10.00,0.00,'2020-01-01',NULL,NULL,NULL,NULL,NULL,1,'2026-04-08 10:25:53'),(81,'KIM CHÚC','chuckim07-sheki',2,'chuckim07-sheki','$2a$10$qTMEmtj46j0yexPvtoyo3elQvIWkSft96w0DJphILaGewZfSkfYea','','Kinh doanh','Nhân viên',10.00,0.00,'2020-01-01',NULL,NULL,NULL,NULL,NULL,1,'2026-04-08 10:25:53'),(82,'nguyễn thị hậu','haunguyen14121993-sheki',2,'haunguyen14121993-sheki','$2a$10$qTMEmtj46j0yexPvtoyo3elQvIWkSft96w0DJphILaGewZfSkfYea','','Kinh doanh','Nhân viên',10.00,0.00,'2020-01-01',NULL,NULL,NULL,NULL,NULL,1,'2026-04-08 10:25:53'),(83,'Dương phan khánh huyền','huyenkhanhphanduong77-sheki',2,'huyenkhanhphanduong77-sheki','$2a$10$qTMEmtj46j0yexPvtoyo3elQvIWkSft96w0DJphILaGewZfSkfYea','','Kinh doanh','Nhân viên',10.00,0.00,'2020-01-01',NULL,NULL,NULL,NULL,NULL,1,'2026-04-08 10:25:53'),(84,'trịnh thị bình','trinhbinh12342004-sheki',2,'trinhbinh12342004-sheki','$2a$10$qTMEmtj46j0yexPvtoyo3elQvIWkSft96w0DJphILaGewZfSkfYea','','Kinh doanh','Nhân viên',10.00,0.00,'2020-01-01',NULL,NULL,NULL,NULL,NULL,1,'2026-04-08 10:25:53'),(85,'nguyễn thị huyền','huyennguyen02112003-sheki',2,'huyennguyen02112003-sheki','$2a$10$qTMEmtj46j0yexPvtoyo3elQvIWkSft96w0DJphILaGewZfSkfYea','','Kinh doanh','Nhân viên',10.00,0.00,'2020-01-01',NULL,NULL,NULL,NULL,NULL,1,'2026-04-08 10:25:53'),(86,'Võ Thị diệu','vothidieu1017-sheki',2,'vothidieu1017-sheki','$2a$10$qTMEmtj46j0yexPvtoyo3elQvIWkSft96w0DJphILaGewZfSkfYea','','Kinh doanh','Nhân viên',10.00,0.00,'2020-01-01',NULL,NULL,NULL,NULL,NULL,1,'2026-04-08 10:25:53'),(87,'Đặng Thị Kim Nguyên','dangnguyen31081999-sheki',2,'dangnguyen31081999-sheki','$2a$10$qTMEmtj46j0yexPvtoyo3elQvIWkSft96w0DJphILaGewZfSkfYea','','Kinh doanh','Nhân viên',10.00,0.00,'2020-01-01',NULL,NULL,NULL,NULL,NULL,1,'2026-04-08 10:25:53'),(88,'Võ Thị Thùy Nhân','thuynhanx-sheki',2,'thuynhanx-sheki','$2a$10$qTMEmtj46j0yexPvtoyo3elQvIWkSft96w0DJphILaGewZfSkfYea','','Kinh doanh','Nhân viên',10.00,0.00,'2020-01-01',NULL,NULL,NULL,NULL,NULL,1,'2026-04-08 10:25:53'),(89,'nguyen thi mỹ lan','mylam4499-sheki',2,'mylam4499-sheki','$2a$10$qTMEmtj46j0yexPvtoyo3elQvIWkSft96w0DJphILaGewZfSkfYea','','Kinh doanh','Nhân viên',10.00,0.00,'2020-01-01',NULL,NULL,NULL,NULL,NULL,1,'2026-04-08 10:25:53'),(90,'Phan Nguyệt Trung','trungnguyet102020-sheki',2,'trungnguyet102020-sheki','$2a$10$qTMEmtj46j0yexPvtoyo3elQvIWkSft96w0DJphILaGewZfSkfYea','','Kinh doanh','Nhân viên',10.00,0.00,'2020-01-01',NULL,NULL,NULL,NULL,NULL,1,'2026-04-08 10:25:53'),(91,'Đặng Thị Kim Ngân','dangkimngan198691-sheki',2,'dangkimngan198691-sheki','$2a$10$qTMEmtj46j0yexPvtoyo3elQvIWkSft96w0DJphILaGewZfSkfYea','','Kinh doanh','Nhân viên',10.00,0.00,'2020-01-01',NULL,NULL,NULL,NULL,NULL,1,'2026-04-08 10:25:53'),(92,'trần thị hằng','tranthihang25011987-sheki',2,'tranthihang25011987-sheki','$2a$10$qTMEmtj46j0yexPvtoyo3elQvIWkSft96w0DJphILaGewZfSkfYea','','Kinh doanh','Nhân viên',10.00,0.00,'2020-01-01',NULL,NULL,NULL,NULL,NULL,1,'2026-04-08 10:25:53'),(93,'MAI THỊ MỸ DUYÊN','maithimyduyen6-sheki',2,'maithimyduyen6-sheki','$2a$10$qTMEmtj46j0yexPvtoyo3elQvIWkSft96w0DJphILaGewZfSkfYea','','Kinh doanh','Nhân viên',10.00,0.00,'2020-01-01',NULL,NULL,NULL,NULL,NULL,1,'2026-04-08 10:25:53'),(94,'Nguyễn thị Thuỳ vy','thuyvy27041993-sheki',2,'thuyvy27041993-sheki','$2a$10$qTMEmtj46j0yexPvtoyo3elQvIWkSft96w0DJphILaGewZfSkfYea','','Kinh doanh','Nhân viên',10.00,0.00,'2020-01-01',NULL,NULL,NULL,NULL,NULL,1,'2026-04-08 10:25:54'),(95,'Nguyễn Thị Kiều Trang','kieutrangnguyen6288-sheki',2,'kieutrangnguyen6288-sheki@gmail.com','$2a$10$qTMEmtj46j0yexPvtoyo3elQvIWkSft96w0DJphILaGewZfSkfYea','','Kinh doanh','Nhân viên',10.00,0.00,'2020-01-01',NULL,'','',NULL,NULL,1,'2026-04-08 10:25:54'),(96,'Nguyễn Thị Hoàng trâm','tramnguyen291286-sheki',2,'tramnguyen291286-sheki','$2a$10$qTMEmtj46j0yexPvtoyo3elQvIWkSft96w0DJphILaGewZfSkfYea','','Kinh doanh','Nhân viên',10.00,0.00,'2020-01-01',NULL,NULL,NULL,NULL,NULL,1,'2026-04-08 10:25:54'),(97,'ĐÀO THỊ HẢI','daothihai270-sheki',2,'daothihai270-sheki','$2a$10$qTMEmtj46j0yexPvtoyo3elQvIWkSft96w0DJphILaGewZfSkfYea','','Kinh doanh','Nhân viên',10.00,0.00,'2020-01-01',NULL,NULL,NULL,NULL,NULL,1,'2026-04-08 10:25:54'),(98,'LÊ THỊ NGOAN','ngoanlethi242-sheki',2,'ngoanlethi242-sheki@gmail.com','$2a$10$qTMEmtj46j0yexPvtoyo3elQvIWkSft96w0DJphILaGewZfSkfYea','','Kinh doanh','Nhân viên',10.00,0.00,'2020-01-01',NULL,'','',NULL,NULL,1,'2026-04-08 10:25:54'),(99,'NGUYỄN THỊ THANH VŨ','thanhvu03051988-sheki',2,'thanhvu03051988-sheki','$2a$10$qTMEmtj46j0yexPvtoyo3elQvIWkSft96w0DJphILaGewZfSkfYea','','Kinh doanh','Nhân viên',10.00,0.00,'2020-01-01',NULL,NULL,NULL,NULL,NULL,1,'2026-04-08 10:25:54'),(100,'PHAN THANH THẢO','thanhthaodhs-sheki',2,'thanhthaodhs-sheki@gmail.com','$2a$10$qTMEmtj46j0yexPvtoyo3elQvIWkSft96w0DJphILaGewZfSkfYea','','Kinh doanh','Nhân viên',10.00,0.00,'2020-01-01',NULL,'','',NULL,NULL,1,'2026-04-08 10:25:54');
/*!40000 ALTER TABLE `users` ENABLE KEYS */;
UNLOCK TABLES;

--
-- Table structure for table `warehouse_stock`
--

DROP TABLE IF EXISTS `warehouse_stock`;
/*!40101 SET @saved_cs_client     = @@character_set_client */;
/*!50503 SET character_set_client = utf8mb4 */;
CREATE TABLE `warehouse_stock` (
  `id` int(10) unsigned NOT NULL AUTO_INCREMENT,
  `warehouse_id` int(10) unsigned NOT NULL,
  `product_id` int(10) unsigned NOT NULL,
  `stock_qty` decimal(10,3) NOT NULL DEFAULT 0.000,
  `available_stock` decimal(10,3) NOT NULL DEFAULT 0.000,
  `reserved_stock` decimal(10,3) NOT NULL DEFAULT 0.000,
  PRIMARY KEY (`id`),
  UNIQUE KEY `uk_warehouse_product` (`warehouse_id`,`product_id`)
) ENGINE=InnoDB AUTO_INCREMENT=133 DEFAULT CHARSET=utf8mb4 COLLATE=utf8mb4_general_ci;
/*!40101 SET character_set_client = @saved_cs_client */;

--
-- Dumping data for table `warehouse_stock`
--

LOCK TABLES `warehouse_stock` WRITE;
/*!40000 ALTER TABLE `warehouse_stock` DISABLE KEYS */;
INSERT INTO `warehouse_stock` VALUES (1,1,1,2795.000,2795.000,0.000),(2,1,2,0.000,0.000,0.000),(3,1,3,0.000,0.000,0.000),(4,1,4,0.000,0.000,0.000),(5,1,5,29.000,27.000,2.000),(6,1,6,117.000,116.000,1.000),(7,1,7,26.300,26.300,0.000),(8,1,8,0.000,0.000,0.000),(9,1,9,0.000,0.000,0.000),(10,1,10,0.000,0.000,0.000),(11,1,11,3461.000,3460.000,1.000),(12,1,12,135.000,135.000,0.000),(13,1,13,1.500,1.500,0.000),(14,1,14,31.000,31.000,0.000),(15,1,15,0.000,0.000,0.000),(16,1,16,40.500,39.500,1.000),(17,1,17,0.000,0.000,0.000),(18,1,18,0.000,0.000,0.000),(19,1,19,570.000,570.000,0.000),(20,1,20,7.300,7.300,0.000),(21,1,21,1706.000,1706.000,0.000),(22,1,22,0.000,0.000,0.000),(23,1,23,0.000,0.000,0.000),(24,1,24,463.500,463.500,0.000),(25,1,25,3084.000,3084.000,0.000),(26,1,26,1050.000,1050.000,0.000),(27,1,27,1567.000,1566.000,1.000),(28,1,28,1522.000,1522.000,0.000),(29,1,29,35.000,35.000,0.000),(30,1,30,25.000,25.000,0.000),(31,1,31,39.000,39.000,0.000),(32,1,32,236.000,235.000,1.000),(33,1,33,19.500,18.500,1.000),(34,1,34,0.000,0.000,0.000),(35,1,35,10.500,10.500,0.000),(36,1,36,3447.000,3447.000,0.000),(37,1,37,106.000,106.000,0.000),(38,1,38,327.000,326.000,1.000),(39,1,39,911.800,911.800,0.000),(40,1,40,1065.000,1065.000,0.000),(41,1,41,2821.000,2821.000,0.000),(42,1,42,616.000,616.000,0.000),(43,1,43,193.000,192.000,1.000),(44,1,44,7394.000,7394.000,0.000),(45,1,45,100.000,100.000,0.000),(46,1,46,4808.000,4808.000,0.000),(47,1,47,8.500,8.500,0.000),(48,1,48,110.100,110.100,0.000),(49,1,49,0.000,0.000,0.000),(50,1,50,-1.000,-1.000,0.000),(51,1,51,6155.000,6155.000,0.000),(52,1,52,2854.000,2854.000,0.000),(53,1,53,557.000,557.000,0.000),(54,1,54,270.500,270.500,0.000),(55,1,55,149.000,149.000,0.000),(56,1,56,103.000,103.000,0.000),(57,1,57,6.000,6.000,0.000),(58,1,58,2049.000,2049.000,0.000),(59,1,59,5862.000,5862.000,0.000),(60,1,60,730.000,730.000,0.000),(61,1,61,296.000,296.000,0.000),(62,1,62,1211.000,1211.000,0.000),(63,1,63,81.000,81.000,0.000),(64,1,64,37.000,37.000,0.000),(65,1,65,53.500,53.500,0.000),(66,1,66,267.000,267.000,0.000),(67,1,67,377.000,377.000,0.000),(68,1,68,51.500,51.500,0.000),(69,1,69,132.500,132.500,0.000),(70,1,70,5237.000,5237.000,0.000),(71,1,71,193.000,193.000,0.000),(72,1,72,57.500,57.500,0.000),(73,1,73,1378.000,1378.000,0.000),(74,1,74,1206.000,1206.000,0.000),(75,1,75,633.000,633.000,0.000),(76,1,76,26.500,26.500,0.000),(77,1,77,1195.000,1195.000,0.000),(78,1,78,17.000,17.000,0.000),(79,1,79,2308.000,2308.000,0.000),(80,1,80,1000.000,1000.000,0.000),(81,1,81,2744.000,2744.000,0.000),(82,1,82,2697.000,2697.000,0.000),(83,1,83,2453.000,2453.000,0.000),(84,1,84,626.100,626.100,0.000),(85,1,85,75.100,75.100,0.000),(86,1,86,1140.000,1140.000,0.000),(87,1,87,79.500,79.500,0.000),(88,1,88,4357.000,4357.000,0.000),(89,1,89,25.000,25.000,0.000),(90,1,90,269.000,269.000,0.000),(91,1,91,921.000,921.000,0.000),(92,1,92,0.000,0.000,0.000),(93,1,93,8243.000,8243.000,0.000),(94,1,94,2836.000,2836.000,0.000),(95,1,95,11459.000,11459.000,0.000),(96,1,96,11275.000,11275.000,0.000),(97,1,97,11275.000,11275.000,0.000),(98,1,98,39.900,39.900,0.000),(99,1,99,35.000,35.000,0.000),(100,1,100,278.500,278.500,0.000),(101,1,101,18.900,18.900,0.000),(102,1,102,586.000,586.000,0.000),(103,1,103,656.000,656.000,0.000),(104,1,104,1127.000,1127.000,0.000),(105,1,105,347.000,347.000,0.000),(106,1,106,2504.000,2504.000,0.000),(107,1,107,2684.000,2684.000,0.000),(108,1,108,51.500,51.500,0.000),(109,1,109,2223.000,2223.000,0.000),(110,1,110,29.500,29.500,0.000),(111,1,111,0.000,0.000,0.000),(112,1,112,0.000,0.000,0.000),(113,1,113,519.000,519.000,0.000),(114,1,114,57.900,57.900,0.000),(115,1,115,55.200,55.200,0.000),(116,1,116,86.000,86.000,0.000),(117,1,117,0.000,0.000,0.000),(118,1,118,42.500,42.500,0.000),(128,2,5,2.000,2.000,0.000),(130,1,119,100.000,100.000,0.000),(131,1,120,10.000,10.000,0.000),(132,1,121,1000.000,858.000,142.000);
/*!40000 ALTER TABLE `warehouse_stock` ENABLE KEYS */;
UNLOCK TABLES;

--
-- Table structure for table `warehouses`
--

DROP TABLE IF EXISTS `warehouses`;
/*!40101 SET @saved_cs_client     = @@character_set_client */;
/*!50503 SET character_set_client = utf8mb4 */;
CREATE TABLE `warehouses` (
  `id` int(10) unsigned NOT NULL AUTO_INCREMENT,
  `name` varchar(100) NOT NULL,
  `address` text DEFAULT NULL,
  `is_default` tinyint(1) NOT NULL DEFAULT 0 COMMENT 'Kho mặc định/kho tổng hệ thống',
  `is_active` tinyint(1) NOT NULL DEFAULT 1,
  `created_at` datetime NOT NULL DEFAULT current_timestamp(),
  PRIMARY KEY (`id`),
  KEY `idx_warehouses_is_active` (`is_active`),
  KEY `idx_warehouses_is_default` (`is_default`)
) ENGINE=InnoDB AUTO_INCREMENT=4 DEFAULT CHARSET=utf8mb4 COLLATE=utf8mb4_unicode_ci;
/*!40101 SET character_set_client = @saved_cs_client */;

--
-- Dumping data for table `warehouses`
--

LOCK TABLES `warehouses` WRITE;
/*!40000 ALTER TABLE `warehouses` DISABLE KEYS */;
INSERT INTO `warehouses` VALUES (1,'Kho Tổng','test',1,1,'2026-04-04 20:32:23'),(2,'Kho chi nhánh 1','456 Nguyễn Trãi, Thanh Xuân, Hà Nội',0,0,'2026-04-04 20:32:23'),(3,'Kho chi nhánh 2','789 Cầu Giấy, Cầu Giấy, Hà Nội',0,0,'2026-04-04 20:32:23');
/*!40000 ALTER TABLE `warehouses` ENABLE KEYS */;
UNLOCK TABLES;

--
-- Dumping routines for database 'erp'
--
/*!40103 SET TIME_ZONE=@OLD_TIME_ZONE */;

/*!40101 SET SQL_MODE=@OLD_SQL_MODE */;
/*!40014 SET FOREIGN_KEY_CHECKS=@OLD_FOREIGN_KEY_CHECKS */;
/*!40014 SET UNIQUE_CHECKS=@OLD_UNIQUE_CHECKS */;
/*!40101 SET CHARACTER_SET_CLIENT=@OLD_CHARACTER_SET_CLIENT */;
/*!40101 SET CHARACTER_SET_RESULTS=@OLD_CHARACTER_SET_RESULTS */;
/*!40101 SET COLLATION_CONNECTION=@OLD_COLLATION_CONNECTION */;
/*!40111 SET SQL_NOTES=@OLD_SQL_NOTES */;

-- Dump completed on 2026-04-11 12:53:55
